legal_acreage,Count,MAE,MSE,R2,PRD,COD,PRB,Weighted Mean,Average Deviation
0.01,28,12765.998282460632,295653644.6815004,0.651712032196364,0.9890155656741405,9.9547079616025,"{'PRB': 0.5280313526378525, 'Sig': 0.00015325098705219796}",0.9815106469691675,0.09512999680396314
0.02,172,20321.90229280829,679765700.5975386,0.5875940989441066,1.0058793900396528,13.315981006919447,"{'PRB': -0.08556433575679297, 'Sig': 0.047256201327816195}",1.024564951855038,0.1363642191122809
0.03,197,17783.891430869546,659326354.0156032,0.5364684297367165,1.0050064190102264,10.68119237253653,"{'PRB': -0.1395266338127846, 'Sig': 0.0006557720743600736}",1.0372409984674056,0.10984234358199908
0.04,105,27037.131255038556,1075678413.7134457,0.6007340375772392,1.006520103090138,12.733751283675865,"{'PRB': -0.08228622114222148, 'Sig': 0.09348628817842555}",1.076713450623317,0.13847827260125245
0.041,1,32998.460139486415,1088898371.5772738,,1.0,0.0,"{'PRB': 0.0, 'Sig': nan}",0.8527928676736475,0.0
0.05,139,23683.045295165382,1029841145.917992,0.8000592229271103,0.9785663353664812,13.555343313464165,"{'PRB': 0.22078646716251057, 'Sig': 1.50632326752377e-08}",1.0167628375083864,0.13795388009637335
0.06,153,25317.297612736475,1111526579.3082037,0.7814695695256949,0.9921417624959536,10.99407696066256,"{'PRB': 0.0666540633072281, 'Sig': 0.019107511279849353}",0.9359100495926639,0.10235039784402676
0.0606,1,22818.65615250048,520691068.606048,,1.0,0.0,"{'PRB': 0.0, 'Sig': nan}",0.9267032164583073,0.0
0.0661,1,218543.13929648435,47761103733.56256,,1.0,0.0,"{'PRB': 0.0, 'Sig': nan}",1.463475792380634,0.0
0.07,68,34084.08723543008,1940582681.5223384,0.8277730663337605,0.979947167528326,15.920744288002977,"{'PRB': 0.09308703432948677, 'Sig': 0.03754437588544214}",0.9308165770004104,0.14750557726952468
0.08,55,31292.09052448661,1488370621.2689366,0.8265508169212752,0.9852583049106739,16.038440464839212,"{'PRB': 0.08645625426493397, 'Sig': 0.10260831630127644}",1.0148159429129455,0.15710017584758482
0.0825,1,5548.991470466688,30791306.339312058,,1.0,0.0,"{'PRB': 0.0, 'Sig': nan}",0.9760623283092021,0.0
0.09,97,23398.5482126759,873862516.0668404,0.819591438528819,0.9935001034796543,12.616289041402093,"{'PRB': 0.060673792013512404, 'Sig': 0.15364450088632683}",0.9939679745483357,0.12523723699296768
0.1,124,28875.57738751141,1351553720.7305405,0.7787949223730986,1.00089459316186,12.751366086291338,"{'PRB': 0.00984737139050092, 'Sig': 0.7620002754804566}",1.0298744998508258,0.131840598587174
0.1046,1,43876.29183672293,1925128985.341279,,1.0,0.0,"{'PRB': 0.0, 'Sig': nan}",1.1424445283720337,0.0
0.11,180,26992.932065335484,1355679875.5630958,0.853174482216233,1.0053711927092064,12.655657298174575,"{'PRB': -0.013951800569487584, 'Sig': 0.5686171331836831}",1.0140674421968934,0.1299508290837578
0.1147,3,85004.85419282294,14396343761.712801,-10.33587983734736,1.023957352174405,12.708452965327462,"{'PRB': -1.101021704516989, 'Sig': 0.013398942280689562}",0.7993050448139756,0.11832832715899859
0.12,120,31240.042007307795,2314261527.489795,0.7909700674644989,0.998320607504368,14.854605117187333,"{'PRB': 0.02920991611722799, 'Sig': 0.41765198588193175}",1.006835090557314,0.15146987081097293
0.1215,1,6730.310573022463,45297080.40933796,,1.0,0.0,"{'PRB': 0.0, 'Sig': nan}",1.04105207399198,0.0
0.1219,1,70489.25200715213,4968734648.527801,,1.0,0.0,"{'PRB': 0.0, 'Sig': nan}",1.2040205481946202,0.0
0.124,2,45452.22404336717,2111102898.3074105,-32.18895385231198,0.999920480044374,1.8974772361034813,"{'PRB': 3.138042512639243, 'Sig': nan}",1.1520892685119215,0.02185889325314927
0.125,1,82822.22757121001,6859521379.8573,,1.0,0.0,"{'PRB': 0.0, 'Sig': nan}",0.8326395065304028,0.0
0.1263,1,48839.53203002247,2385299888.9115906,,1.0,0.0,"{'PRB': 0.0, 'Sig': nan}",1.1654481092338098,0.0
0.13,147,30345.497239471475,1406205341.7807834,0.8425702865249147,0.9975773910894131,13.607216320290844,"{'PRB': 0.03220411036671446, 'Sig': 0.2701805200037728}",0.9887255065029014,0.1324388469312103
0.14,179,28655.721146123626,1547100696.8145711,0.8524380311523849,1.0195045078676206,12.625005612103891,"{'PRB': -0.09625035519108363, 'Sig': 7.312812305410351e-05}",1.0056375401851083,0.12843485026029985
0.1419,3,42026.160195843586,1948021045.6199598,-6.4595115221605655,0.9997438082504592,2.7938116813570013,"{'PRB': 1.7910196246354007, 'Sig': 0.47184161753428183}",1.1245811990285772,0.031059166391840625
0.1446,1,33043.67290228233,1091884318.8730273,,1.0,0.0,"{'PRB': 0.0, 'Sig': nan}",0.9148542564154649,0.0
0.1452,1,56369.56036046863,3177527335.232517,,1.0,0.0,"{'PRB': 0.0, 'Sig': nan}",1.1653781924520836,0.0
0.1463,3,36244.81266621345,1870382503.8410637,0.39827710187615206,0.9966245074108844,8.908436583875346,"{'PRB': 1.6830072684907393, 'Sig': 0.37353360819315523}",0.985290997502624,0.08825890264524083
0.1492,2,23749.292402675637,564133854.4027102,-2.5075725719455204,0.999943243543005,0.21469315641895312,"{'PRB': 0.056275666549374964, 'Sig': nan}",0.9491929943103596,0.002037736738710383
0.15,182,27909.86697338242,1408081786.0027423,0.8804659642124034,1.0079465394436866,11.244079978615568,"{'PRB': -0.031727173527482645, 'Sig': 0.08754112969828326}",0.983728986250074,0.11099911755355661
0.1523,2,38161.08514860636,1714752657.190874,-6.113025231389464,1.0000687409737543,4.255341019673983,"{'PRB': -18.26171425749545, 'Sig': nan}",1.111882956297074,0.04731766396879433
0.16,148,27700.200680193015,1453026645.769793,0.8611950659725733,1.004326995700121,11.479754553073978,"{'PRB': -0.03439791129947485, 'Sig': 0.20168492100311666}",0.9973117511641578,0.11365144375447324
0.1636,1,168446.54036905925,28374236962.305107,,1.0,0.0,"{'PRB': 0.0, 'Sig': nan}",1.361106375703194,0.0
0.1641,2,28514.532601241313,898539349.7172537,-9.51405506816975,1.0,2.4294993173644364,"{'PRB': 243985.70901807526, 'Sig': nan}",1.0810081229394841,0.026263084967468875
0.1642,1,25108.187603068305,630421084.7108729,,1.0,0.0,"{'PRB': 0.0, 'Sig': nan}",1.0680214139609514,0.0
0.166,1,19161.576153357106,367166000.6809037,,1.0,0.0,"{'PRB': 0.0, 'Sig': nan}",1.0506726397243613,0.0
0.1692,1,1344.378406762844,1807353.3005702028,,1.0,0.0,"{'PRB': 0.0, 'Sig': nan}",0.9968843085806628,0.0
0.17,237,29973.536251501388,1655400428.3711529,0.8491386936971881,1.0040889768834749,12.512303528903418,"{'PRB': -0.01855646581779971, 'Sig': 0.36935949871524754}",1.0119700120856598,0.12708727010388615
0.1705,1,12662.730629730388,160344747.00111213,,1.0,0.0,"{'PRB': 0.0, 'Sig': nan}",1.0365369511986278,0.0
0.1724,1,38621.4448374224,1491616001.3300614,,1.0,0.0,"{'PRB': 0.0, 'Sig': nan}",1.0878737595349357,0.0
0.1736,1,11399.541619587631,129949549.1367106,,1.0,0.0,"{'PRB': 0.0, 'Sig': nan}",0.974389126726869,0.0
0.1746,1,55614.907319271064,3093017916.13111,,1.0,0.0,"{'PRB': 0.0, 'Sig': nan}",1.1660131161006153,0.0
0.18,262,29118.928857855008,1528294001.8372512,0.8426220567812822,1.009017324126267,11.030832302466193,"{'PRB': -0.028914352364992152, 'Sig': 0.06866473949328318}",1.0120645187838726,0.11309540062625023
0.1818,1,63676.24916082225,4054664707.191116,,1.0,0.0,"{'PRB': 0.0, 'Sig': nan}",0.8763340454101022,0.0
0.1828,1,1744.716060463339,3044034.131638714,,1.0,0.0,"{'PRB': 0.0, 'Sig': nan}",0.9969965848240924,0.0
0.19,190,29633.818209437348,1811286985.3817704,0.8402766198874994,1.00303290726307,11.176814386242354,"{'PRB': -0.012659955056498386, 'Sig': 0.5758255453875898}",1.0131041298845433,0.11369002595566924
0.1921,1,52363.760779919976,2741963443.0166855,,1.0,0.0,"{'PRB': 0.0, 'Sig': nan}",1.1609408725093175,0.0
0.194,3,13881.279459648396,224222683.32433757,0.7637041050070257,0.999807483489624,0.7666524821268936,"{'PRB': 0.0426277231232942, 'Sig': 0.7748338284705876}",1.027646807971054,0.007836256916403586
0.1983,1,5223.939500242006,27289543.9021887,,1.0,0.0,"{'PRB': 0.0, 'Sig': nan}",0.9906422927606251,0.0
0.1995,1,12415.25034413021,154138441.1074253,,1.0,0.0,"{'PRB': 0.0, 'Sig': nan}",0.9670838646374684,0.0
0.2,290,28272.723086522223,1434072928.0324996,0.8053376536513384,1.0138728191191144,11.008983217510849,"{'PRB': -0.07038708060163505, 'Sig': 7.120370366433739e-05}",1.0244856454451428,0.11398158303988545
0.2012,1,449937.68312982505,202443918700.23486,,1.0,0.0,"{'PRB': 0.0, 'Sig': nan}",0.18125368702087638,0.0
0.21,224,32315.943400112854,2668122580.38901,0.6937885673436297,1.023077461708148,12.83853351687488,"{'PRB': -0.10898194869794818, 'Sig': 5.334147715438731e-07}",1.053416528875855,0.13663992297440133
0.2102,1,6282.822707299318,39473861.171355926,,1.0,0.0,"{'PRB': 0.0, 'Sig': nan}",1.0198604047624444,0.0
0.2143,1,3129.759108231752,9795392.075559612,,1.0,0.0,"{'PRB': 0.0, 'Sig': nan}",0.9936021311859128,0.0
0.22,171,28335.803675705807,1758324449.7678833,0.8308930714961773,1.0097769836976478,11.694262364654543,"{'PRB': -0.048842827060576854, 'Sig': 0.039043942333676473}",1.0350941592389042,0.11986203635672459
0.2204,2,51149.99175499007,2952452718.089768,0.8840830059775855,1.001266946409996,0.3899668770727533,"{'PRB': -0.008029477720168135, 'Sig': nan}",0.9067216200276439,0.0035403937988950918
0.2235,1,29221.407813808066,853890674.6208831,,1.0,0.0,"{'PRB': 0.0, 'Sig': nan}",1.061754383031899,0.0
0.2298,1,25179.138814440812,633989031.4368799,,1.0,0.0,"{'PRB': 0.0, 'Sig': nan}",1.079123235293952,0.0
0.23,407,27101.177066460354,1408128411.8414176,0.7960677318461182,1.0056230677353855,12.857075967065798,"{'PRB': -0.03455616483862089, 'Sig': 0.0653302331000422}",1.0252651443986176,0.13274060012162692
0.2318,1,3166.777748071938,10028481.305683574,,1.0,0.0,"{'PRB': 0.0, 'Sig': nan}",1.0072138760063558,0.0
0.233,1,3894.8432512434083,15169803.951756323,,1.0,0.0,"{'PRB': 0.0, 'Sig': nan}",1.0134268753459323,0.0
0.2342,2,6957.3920541531115,50369834.84927583,0.2852912057784782,0.9999093288062137,2.0896543527955678,"{'PRB': 3.3377716475037156, 'Sig': nan}",1.00423080684181,0.020983050036564976
0.2354,1,33628.07038801641,1130847118.021386,,1.0,0.0,"{'PRB': 0.0, 'Sig': nan}",1.1000165883797626,0.0
0.2372,1,17464.789256755903,305018863.7828964,,1.0,0.0,"{'PRB': 0.0, 'Sig': nan}",1.0525115929579525,0.0
0.2399,1,2256.596707748453,5092228.7014211565,,1.0,0.0,"{'PRB': 0.0, 'Sig': nan}",0.9906654071946696,0.0
0.24,296,24996.312012322047,1104161521.3579848,0.8587438052900649,1.009411234999753,10.87695595553848,"{'PRB': -0.056702790557902255, 'Sig': 0.002318550260822284}",1.032603195048861,0.1132169276287126
0.25,264,28115.595212537843,1726879333.4675944,0.7646258992789237,1.0110732506834226,12.221860093120453,"{'PRB': -0.07038397591557587, 'Sig': 0.006090613722743498}",1.0109754560008999,0.1251893229815111
0.2512,1,93763.20694506227,8791538976.622572,,1.0,0.0,"{'PRB': 0.0, 'Sig': nan}",0.8294942251492347,0.0
0.2556,1,96211.43377041718,9256639988.15937,,1.0,0.0,"{'PRB': 0.0, 'Sig': nan}",1.2046317867269698,0.0
0.26,177,31449.55435118699,1908761285.0214846,0.8328253581930422,1.009619808890378,12.713237896659246,"{'PRB': -0.04108301287760469, 'Sig': 0.09370600168323813}",1.0083903444845923,0.12770384116687947
0.2655,1,30459.088732878678,927756086.4373769,,1.0,0.0,"{'PRB': 0.0, 'Sig': nan}",1.0435150408434877,0.0
0.27,132,35025.13822878409,2010058646.037661,0.8619248754505203,1.0015277376182097,12.26367183425082,"{'PRB': -0.007485440624196874, 'Sig': 0.7883223318881324}",1.0401054079444612,0.12944845733003027
0.2738,1,10009.108872297686,100182260.41750824,,1.0,0.0,"{'PRB': 0.0, 'Sig': nan}",0.9865815989143591,0.0
0.2755,1,41612.641245080275,1731611911.391756,,1.0,0.0,"{'PRB': 0.0, 'Sig': nan}",0.939826268205398,0.0
0.28,136,33340.47238018106,2115683044.8815486,0.8056398032604485,1.0135171225578221,11.806311788694307,"{'PRB': -0.05621705367148699, 'Sig': 0.020210725693240394}",1.0103718623300582,0.12114957300771427
0.29,127,33651.46380267878,2024571263.2808406,0.8710813112781014,0.9952366057639036,13.240841055346955,"{'PRB': 0.04356842124943138, 'Sig': 0.12783921372380355}",1.010856022451533,0.1339576445801718
0.2911,1,9951.758895393927,99037505.11205214,,1.0,0.0,"{'PRB': 0.0, 'Sig': nan}",1.0170050353290392,0.0
0.2956,1,10411.288216561778,108394922.32831812,,1.0,0.0,"{'PRB': 0.0, 'Sig': nan}",0.9843677000664043,0.0
0.2971,1,5586.248870446812,31206176.442568287,,1.0,0.0,"{'PRB': 0.0, 'Sig': nan}",1.010631265315307,0.0
0.2984,1,20013.29321241143,400531905.2059534,,1.0,0.0,"{'PRB': 0.0, 'Sig': nan}",0.9130304117372446,0.0
0.3,116,28309.953930298834,1632035973.83645,0.8812937034260209,1.0171293894749334,10.47360958213277,"{'PRB': -0.08420396963761224, 'Sig': 0.00048293362651227826}",1.0303236750523301,0.10799171627939674
0.31,111,30212.477624924613,1574404662.1852918,0.8899768656422717,1.0000200682047231,11.484176773982345,"{'PRB': 0.008941961659083668, 'Sig': 0.7496700867638857}",1.0160294393018687,0.11545613721116373
0.32,115,29091.439286659333,1548942003.4864755,0.8918446983740327,1.0071774109634202,11.183581853855703,"{'PRB': -0.03400630784037528, 'Sig': 0.23175029332665606}",1.0271774375162426,0.1143004598306088
0.3277,1,22615.531366935582,511462259.0088472,,1.0,0.0,"{'PRB': 0.0, 'Sig': nan}",1.0395363657068264,0.0
0.33,95,34586.791982937444,2294130295.4070163,0.834196788535585,1.0067597091989322,11.908836278562912,"{'PRB': -0.040777973556949454, 'Sig': 0.19716912305707449}",1.0322791722686464,0.12539438341245246
0.34,170,35873.20052778403,2783156466.244453,0.8995502713126599,0.9917396159273651,12.777168370763514,"{'PRB': 0.0368686612515564, 'Sig': 0.11236424669244639}",1.0463265993069364,0.13300073076254823
0.3466,1,55979.90781171736,3133750078.6083746,,1.0,0.0,"{'PRB': 0.0, 'Sig': nan}",0.9331705205226839,0.0
0.35,128,32208.979038773054,2317608760.1359663,0.7841554867979694,1.009925032308352,11.767361735244451,"{'PRB': -0.0539339918144173, 'Sig': 0.11293316326351538}",1.0061850115312867,0.1170697992685843
0.36,105,33993.93034348354,2086661011.063109,0.8758252147430096,1.000896443631961,11.30651084779643,"{'PRB': -0.0036773806683531654, 'Sig': 0.8905653992440369}",1.0255174683817057,0.11839568660803372
0.364,1,48617.694384977105,2363680207.311034,,1.0,0.0,"{'PRB': 0.0, 'Sig': nan}",1.0595501266334366,0.0
0.3683,1,24661.461254025286,608187671.1837904,,1.0,0.0,"{'PRB': 0.0, 'Sig': nan}",1.0479631164760819,0.0
0.37,92,29444.31889238837,1718491957.8675358,0.8918050589160527,1.0065829056058822,9.458136653751,"{'PRB': -0.022306631647241868, 'Sig': 0.32871702990364393}",1.0091237739240895,0.0948520335433697
0.3731,1,28014.430695881223,784808327.2143321,,1.0,0.0,"{'PRB': 0.0, 'Sig': nan}",1.172946125438717,0.0
0.38,61,33725.6297048069,1963196976.8738935,0.8556283647761892,0.9904899477349536,12.77938143772602,"{'PRB': 0.07396335211242223, 'Sig': 0.08081137285666747}",0.997046304282155,0.12885672141270596
0.39,76,39863.2765633319,2911640529.7409706,0.9061450975009693,1.0107701939969236,12.083820998540636,"{'PRB': -0.04101889369092017, 'Sig': 0.17201262479028234}",0.9614139281529133,0.11754902736822546
0.4,69,36489.071306979706,2514610278.8489075,0.909281472364893,1.0016488669354597,10.985051442054022,"{'PRB': 0.007767610951662394, 'Sig': 0.7960965844660989}",1.0247228598591678,0.11199356710121852
0.41,41,49529.22173305082,4738628439.142936,0.8976665286017392,0.9916992650160876,15.422680128414482,"{'PRB': 0.027595544855391604, 'Sig': 0.574297515689822}",1.0247380448731536,0.15004566223417848
0.42,41,48910.29802289228,4688184950.268335,0.7470593696813962,1.0076955033897037,15.171764952655144,"{'PRB': 0.013061308036664436, 'Sig': 0.8148808346242694}",1.0558676752919434,0.1614622104012645
0.43,51,34486.33358317914,1921324700.9580734,0.9036495936929472,1.0024205053292439,10.805684707253402,"{'PRB': -0.01280517635818523, 'Sig': 0.6778315040590939}",1.0007749658485785,0.1093572412037162
0.44,42,47388.70382767379,5110384912.696132,0.8461836427164926,0.9769258951482662,14.923574122562187,"{'PRB': 0.09453663754388422, 'Sig': 0.08092019443775365}",1.0259776061023191,0.15129924277303525
0.45,43,39318.09209835456,4685443772.690126,0.8837401726322526,0.9890030514831044,11.014884922328493,"{'PRB': 0.03296422799508346, 'Sig': 0.46213212175278284}",1.0506391082273792,0.11412425905610486
0.46,60,41863.72102641578,2884614520.832677,0.8947293760254915,0.9882589105282552,12.657989251627356,"{'PRB': 0.043029907559904934, 'Sig': 0.17400890403899555}",0.97190513651867,0.12053707277253406
0.4685,1,63623.06428706355,4047894309.275821,,1.0,0.0,"{'PRB': 0.0, 'Sig': nan}",1.1463359669496638,0.0
0.47,32,46015.27376912694,3269289791.412314,0.8075796691031214,0.9982232069784857,14.41811132434421,"{'PRB': 0.04989586147553536, 'Sig': 0.3924522815551723}",0.979852685812265,0.13982450714481331
0.48,32,41002.21815398723,2990132469.069107,0.9143489456990668,0.9918302973771739,8.828599257417574,"{'PRB': 0.038856374162971635, 'Sig': 0.1660586196628312}",1.0726648422890825,0.0949696666708652
0.49,33,60993.76864423002,6730363261.886972,0.8347077334180497,0.987873842003377,14.1146758563059,"{'PRB': 0.05716431077904641, 'Sig': 0.3134775073993542}",1.0290289269755228,0.14101065945175548
0.5,54,50622.889441727166,4857328226.494515,0.8869380554343353,1.0278275170797189,12.74496136706848,"{'PRB': -0.07709120184032763, 'Sig': 0.04841359940111656}",1.0288481138643855,0.13433628902332617
0.504,1,51824.809232022206,2685810851.935494,,1.0,0.0,"{'PRB': 0.0, 'Sig': nan}",0.8614683316552791,0.0
0.51,41,35404.963408798714,3157741026.419552,0.8667992775097194,0.9860140364229173,10.381902744330995,"{'PRB': 0.06899592069441132, 'Sig': 0.10370152060656518}",1.046228185321784,0.10809019551527566
0.52,33,46829.102341175996,4235419003.1275377,0.8971590256395257,0.9934271953027368,11.655900027390057,"{'PRB': 0.021067449859361324, 'Sig': 0.5568853035223837}",1.0464861578049105,0.12234902915648482
0.53,27,56907.520108008284,5136414091.199276,0.8690483273840206,0.9958997663401972,12.061895911320422,"{'PRB': 0.018016637715875937, 'Sig': 0.7292570537976594}",1.0965070461030475,0.13401760008147287
0.54,34,61925.09307851683,8158328257.16119,0.8150406583402926,1.0087559268386572,15.533855524813399,"{'PRB': -0.039942065996794056, 'Sig': 0.39608846769756423}",1.042464104870552,0.15839065956662743
0.55,20,61700.220790523825,9202485294.653948,0.7896698163880581,0.9899258622443665,15.332997263663852,"{'PRB': 0.03856246701265712, 'Sig': 0.7109024440974829}",1.094118874359495,0.1582481794259898
0.56,18,44631.38861921026,3271813810.353325,0.9050403180654923,1.0058234386107574,12.405992706260891,"{'PRB': 0.002157779961802768, 'Sig': 0.971604929581986}",0.995010300045084,0.12278643077484361
0.57,23,58809.79280267689,12983058915.439236,0.7487953726083525,0.9979053751895751,20.07932490866853,"{'PRB': 0.036866841863434516, 'Sig': 0.7835173053620689}",1.0508628128530382,0.1946566463675536
0.58,27,52025.718740995006,4608587456.9721,0.9244341916471845,0.9631642904894269,16.721597588546445,"{'PRB': 0.08913276193519215, 'Sig': 0.08890089845214483}",1.0623607364642613,0.1716701436406188
0.59,13,36626.76128229416,1864594557.221101,0.9708179026144739,1.020570784939486,10.863920271397717,"{'PRB': -0.07566993590075867, 'Sig': 0.18894931165188708}",1.0316634379794758,0.11342742277821644
0.6,11,45093.86865695697,3521115979.3125234,0.8982160241051035,0.9869012344412936,11.511165874065382,"{'PRB': 0.06241202082451029, 'Sig': 0.5351453567403619}",1.0111423269481645,0.11409513843250974
0.61,21,60259.1502200193,5406581591.407898,0.878141047712601,1.0076056242041898,12.298524194678734,"{'PRB': -0.03530510033975352, 'Sig': 0.4714634303270806}",1.048132714972024,0.1327137466128395
0.62,14,59597.34152585593,9812241522.785706,0.8108761735133189,0.9589333552682441,18.32228008396405,"{'PRB': 0.10513539518485217, 'Sig': 0.22110650415875102}",1.0067481173933948,0.1732228194723485
0.63,19,60344.40072831954,5973878368.095365,0.8464714558675728,1.0046473041658657,13.007286176279578,"{'PRB': -0.030828380005757144, 'Sig': 0.6734871833721852}",1.0703430816550945,0.1369743675069747
0.64,12,79862.8294660726,9989981170.542204,0.6526571360511165,0.9993379002683975,22.20548939100669,"{'PRB': 0.05939567669589729, 'Sig': 0.670108231380034}",1.0207015298246813,0.2280429665772061
0.65,12,42651.351037322784,2713012627.3916597,0.9166598826640713,0.9944537270514545,13.355848204057741,"{'PRB': 0.019745933115763573, 'Sig': 0.7982702283530123}",0.9740565938619833,0.12941103099491646
0.66,7,71990.92455098787,14497024938.339615,0.18990909830783775,1.0767030919030955,13.177578256608435,"{'PRB': -0.201730757294141, 'Sig': 0.022826545991311877}",0.9086016101833876,0.1347557964484126
0.67,11,27282.03125374017,1275836769.4529352,0.8912295653750553,1.0285815559616602,8.94028884106082,"{'PRB': -0.11310960552648362, 'Sig': 0.028448620159356383}",1.0003633801278893,0.08946185705743737
0.68,16,43050.40817764959,2842213934.243022,0.8989478627569072,1.0146901188314477,11.27386178772598,"{'PRB': -0.06405877097013207, 'Sig': 0.2635976265268277}",0.9671983881592369,0.11133756474689752
0.69,13,95479.5881689149,12806320275.374819,0.7165654840480946,1.0456833032202275,25.577655352045404,"{'PRB': -0.12689122983710166, 'Sig': 0.20427940459767446}",0.9377713645694503,0.22576561701936565
0.7,10,49396.77047212398,3640479430.0973196,0.8022069952550221,1.007843931591668,12.635084105795103,"{'PRB': -0.043870853637309984, 'Sig': 0.6565473502251337}",0.9030400232306691,0.10911562738692897
0.71,10,54266.28395571998,5740827125.630557,0.8966470948198529,0.9575657341745788,21.021055171966367,"{'PRB': 0.11761384882612569, 'Sig': 0.18048950729394844}",1.0632562190802586,0.22213753750052195
0.72,10,74361.54268444008,26156783094.907127,0.10875680144353406,1.06566225774647,32.338039232302634,"{'PRB': -0.40282179197996426, 'Sig': 0.41165412625379405}",1.1886210629327203,0.3342567921053169
0.73,10,44821.25149267768,2905850277.040361,0.9508783357085799,0.9604104443115019,13.724678874189005,"{'PRB': 0.14841959134122293, 'Sig': 0.13611728469988424}",1.0077133298245196,0.13356630257111174
0.74,4,55311.70414338758,5278240641.435451,0.6205470178325407,1.0050979979668762,11.905105685576528,"{'PRB': -0.051148786877440566, 'Sig': 0.8413886552829006}",0.9213423073097217,0.11147981086011394
0.75,3,28870.711678693187,1008821201.1476626,0.8643455297812805,0.9931329403839678,6.390775901163009,"{'PRB': 0.10964118407838747, 'Sig': 0.7545693567952138}",1.0237601274253623,0.06669477179109518
0.76,8,62255.968543734816,11917997678.253262,-1.0684028649582404,1.0285756968869646,15.992318980859165,"{'PRB': -0.6453244144789883, 'Sig': 0.1051542178821746}",0.855320153545299,0.15726024215536027
0.77,11,74476.85419172667,9447620687.294792,0.7378612604777566,1.0396360799211546,13.37382812323774,"{'PRB': -0.08385756417553583, 'Sig': 0.23276365107531607}",0.9770485992334161,0.1407584615342712
0.78,5,51607.87727544311,4167332774.470173,0.8156289268974121,1.0214484733319917,7.605696293157104,"{'PRB': -0.11899004350740326, 'Sig': 0.35145281751216656}",1.0135055856129043,0.07926629655794719
0.79,3,57459.35624157337,5635952116.4245205,0.9567948288876753,0.9647495421738909,7.971995006506319,"{'PRB': 0.07554288944075357, 'Sig': 0.5984953294234654}",1.0376074409641862,0.07971396187929003
0.8,7,72350.56266447839,12390838034.817957,0.8025410441833327,0.9828674878259825,20.20518696018255,"{'PRB': 0.03131157207819474, 'Sig': 0.8532141955129318}",0.893820675709499,0.18595063781052248
0.81,3,124496.17703822533,20055007336.942837,0.42478268494120186,0.9947749817691843,6.442982948098633,"{'PRB': 0.011469778269648564, 'Sig': 0.9548677641162988}",1.3789697722065066,0.09222978277918788
0.82,6,83652.95822659529,15805067794.624773,0.6889164256679114,0.9921600536435314,15.100019342979053,"{'PRB': 0.003592728868019854, 'Sig': 0.9797296829599136}",0.885013461163667,0.1404428412367961
0.83,6,33419.74528674703,2252209369.1339173,0.9363883309114104,0.9812077119710713,8.759142709448442,"{'PRB': 0.13537377626763608, 'Sig': 0.36434198870944934}",0.9568169918982922,0.08581025229028966
0.84,8,42338.976753936695,2649044979.4201374,0.946841244218697,1.0006423941960512,9.791424090034022,"{'PRB': 0.010458001022166824, 'Sig': 0.8699853856982038}",1.011924273540905,0.09886112770542393
0.85,2,55727.47882323671,5636338057.113312,0.7961114919244963,0.8735763015763294,38.17471546330822,"{'PRB': 0.663163243298327, 'Sig': nan}",0.8178125974847122,0.2727284528220564
0.86,5,36566.552345400414,1981752274.3332183,0.9518688650471069,1.0089710588881893,7.365366869033109,"{'PRB': -0.045101473340896106, 'Sig': 0.605212257661372}",1.0139293255980075,0.07262960387507034
0.87,5,47774.90330568768,4135242769.182676,0.8105825160583161,0.9931962912142731,12.666809955086727,"{'PRB': -0.0027714045468149396, 'Sig': 0.9854003575239453}",1.0636089445332435,0.1320813059806036
0.88,3,33421.893868757405,1202455389.042119,0.8753982673496308,0.9832082749735815,3.7375387654655374,"{'PRB': 0.05769422835875127, 'Sig': 0.3191704310962898}",0.8710543047453927,0.03165462958910803
0.89,5,78717.30092518331,12795062827.871607,0.673910231690589,1.0191991406531369,11.55443461422302,"{'PRB': -0.08685060131830356, 'Sig': 0.5331442939935072}",0.8454446107813713,0.10808743872460132
0.9,6,53933.67680192339,3724366589.3293457,0.9783258197644416,0.8585399404928948,22.27831439304497,"{'PRB': 0.2901269010144002, 'Sig': 0.06816292297755484}",0.9544466937007212,0.20274134906220576
0.91,3,41165.03535314486,2184096803.8982944,0.6992724528697247,1.0068704227885732,3.1145104105028483,"{'PRB': -0.13394926585310216, 'Sig': 0.3573006338720829}",1.0742295978833711,0.034568556444818675
0.92,8,43222.40032467891,2602342119.2357187,0.9415378810242049,0.9216199485129093,16.98793346925186,"{'PRB': 0.2498899163907896, 'Sig': 0.005230928029159823}",0.967012593792984,0.16144483440369628
0.93,5,12068.398050799111,255830814.47002372,0.9907329832278517,0.9976009025233762,2.575886809083225,"{'PRB': 0.008796437210652985, 'Sig': 0.7536190910203275}",0.9956574494371833,0.025938316257069105
0.94,8,41151.83836910631,6206501913.154727,0.8168117305585969,1.0238628318996648,8.909077319813564,"{'PRB': -0.030924741498341735, 'Sig': 0.6859634227150258}",0.92458680352183,0.08782392318391694
0.95,8,30301.991158898116,1524836134.4170742,0.9060873004205096,0.9842651614397753,9.227055586541098,"{'PRB': 0.14531445166258242, 'Sig': 0.22489236900308562}",0.9465223102418523,0.08837777297629984
0.96,5,39347.98835671542,2379690540.024254,0.8320408608373173,1.0105567573309786,7.412802169109845,"{'PRB': -0.05720156670678221, 'Sig': 0.6446352300428251}",0.9945854217490004,0.07612122078118091
0.97,6,38483.35660988777,2680406013.324884,0.8570578312384349,0.9953258095538252,6.724471914009534,"{'PRB': 0.019437702981151064, 'Sig': 0.8480756657230263}",0.9725743906693175,0.06491053600152906
0.98,4,189670.8661008822,52720725485.25695,0.6952864268993704,0.9804155723405401,16.169548117801064,"{'PRB': 0.031218354281986757, 'Sig': 0.8643591640658497}",1.2250073036984956,0.20716582828746138
0.99,7,46599.94632703887,2751347813.407437,0.9512007139106138,0.9584940933119326,16.95026412129575,"{'PRB': 0.11278983917719393, 'Sig': 0.28843141969363734}",0.9573795417097464,0.15786452861999548
1.0,132,46228.83604290219,4182984411.863938,0.93049259304313,0.987883654326158,13.833499417983532,"{'PRB': 0.033618466242242837, 'Sig': 0.18691366481541002}",0.9919394851172844,0.1354423122736842
1.01,48,45002.406778924524,3516806546.8947997,0.926881274523243,1.0198454504415653,13.374379265556394,"{'PRB': -0.09622244520872915, 'Sig': 0.022822956610623633}",0.9985935890779192,0.13256958114008763
1.02,24,34478.23787101838,1959276030.8156235,0.902100554778234,0.9952590017039836,7.102720207847672,"{'PRB': 0.03457473089760566, 'Sig': 0.3795924046325113}",0.961699658985545,0.06739865137615596
1.03,31,38364.480189358546,2628853453.6859007,0.8920450297534123,1.0196469737348453,10.682993298317678,"{'PRB': -0.10143215214683773, 'Sig': 0.03117033770877999}",1.0113327357438517,0.10658022274242164
1.04,17,54982.64007976992,5924322490.823881,0.868276717993074,1.0051893688422107,10.4612060707503,"{'PRB': -0.04056597819643447, 'Sig': 0.4961289115683698}",0.9951783003582247,0.10608430965839634
1.05,22,52306.18428141978,4024267769.554848,0.9183272557187754,1.0056296225648227,11.661839797634492,"{'PRB': -0.03350933106357497, 'Sig': 0.5357206455036371}",1.0214432149186825,0.12094073293789762
1.06,22,36033.71079196549,2301088437.762019,0.6134026005399735,1.0015199351279238,11.982583494823313,"{'PRB': 0.010595996090535742, 'Sig': 0.9289114971028002}",0.9976440690426859,0.12189669323549972
1.07,13,80572.1868178405,16756447751.113352,0.8646013695001927,0.9040937393218763,21.571149389580622,"{'PRB': 0.2692667295630111, 'Sig': 0.012445926346263826}",1.0876428211120193,0.2202363042938001
1.08,7,29695.048170542963,1347927069.9729922,0.9679343466447005,1.016355350302365,5.701084672779474,"{'PRB': -0.04694353597032125, 'Sig': 0.3421775832183871}",0.9752639440428484,0.05598232080201631
1.09,10,55847.081777291256,4354245346.72024,0.8377867552755844,0.999170975506255,13.746504498949838,"{'PRB': -0.010521067763813188, 'Sig': 0.9346656094292103}",1.0045361851137247,0.14561236096777058
1.1,19,50679.516440298125,3986247171.4120774,0.9232206545406192,0.9647137360587562,16.265563189922783,"{'PRB': 0.1542452251821584, 'Sig': 0.049483394070534}",0.98182800921336,0.15977883306892252
1.11,7,41544.23414377893,2727240905.534114,0.852014517371655,1.0098529740753073,17.3456827983088,"{'PRB': -0.030035281128528997, 'Sig': 0.8219697895279792}",0.9982169770419187,0.17056864256122387
1.12,7,25238.624856127317,931901177.2922026,0.9880085091076203,0.9469890131066349,10.200333145083773,"{'PRB': 0.10923559240249422, 'Sig': 0.03341022425895733}",0.9753254974201904,0.10126004907956963
1.13,6,44011.23012780435,3673079517.681127,0.8259438618155274,1.022561381274142,14.97030352933078,"{'PRB': -0.07773859143083414, 'Sig': 0.667984844417745}",0.9979938822549553,0.1441475258319665
1.14,8,54141.365027361586,5206379705.172148,0.91374670389862,0.9867787013738787,7.88527702775586,"{'PRB': 0.07630073632360285, 'Sig': 0.29858663424937315}",1.0877046288704422,0.08432256489318944
1.15,12,49545.538730670385,3044616411.6493187,0.8828542586163943,0.9541079287845698,13.769721084610914,"{'PRB': 0.25242881476579004, 'Sig': 0.004129063741760596}",0.9046096307857892,0.11797669490341116
1.16,2,28248.599650181757,812471787.6402171,0.9240264859164191,1.0099012276552013,2.6266615510344584,"{'PRB': -0.046421804652419865, 'Sig': nan}",1.105856336324131,0.029334705177371023
1.17,4,52431.9231023122,4749203399.943485,0.839338216099444,0.9753973260354598,13.624895588525968,"{'PRB': 0.1033251729028799, 'Sig': 0.7190690699187858}",0.9749361780396079,0.1357125009728484
1.18,3,36030.45050163852,1767410549.2395232,-492.259268802392,1.010299704350808,8.199976445080956,"{'PRB': -0.674529173991673, 'Sig': 0.005281147096277123}",0.9269842066966056,0.07598208019853973
1.19,6,40141.340824651226,1892550496.9982176,0.9790827739948463,1.0094140973429646,11.76123258336519,"{'PRB': -0.028666284227687792, 'Sig': 0.7473112215904075}",0.9508201710325753,0.10808945182282799
1.2,6,72453.58292332107,7463317896.800014,0.7535996956395983,0.992236437040058,14.523162576835677,"{'PRB': 0.06109829772042772, 'Sig': 0.7014328093219266}",0.9148340747030395,0.12091130038253343
1.21,4,15151.129784136574,299653473.8172296,0.949237891687648,1.0081936513352225,4.491883847936536,"{'PRB': -0.09038468505470833, 'Sig': 0.34594513861666143}",1.0061941644641585,0.04624907130105638
1.22,4,25619.437102611693,854905058.7825468,0.9688979874156403,0.9805323966185285,7.449499467341673,"{'PRB': 0.08500532173502837, 'Sig': 0.299235826463242}",0.9814218347872548,0.07191914420083292
1.23,3,15264.047824951616,236243709.47560704,0.9757406737691613,0.9874374539052813,3.515538366888086,"{'PRB': 0.1107440095696138, 'Sig': 0.2793765324156276}",0.9823090216602934,0.032959659032516596
1.24,7,80334.81366711305,11066422156.600912,0.7669975885404154,1.005520438842696,11.939750575085553,"{'PRB': -0.06830361655162229, 'Sig': 0.5515321245248963}",1.1036136377800152,0.1274007551989461
1.25,12,41380.49900181537,2054361763.2285626,0.9455538582916104,1.0062111538567413,12.411790920833926,"{'PRB': -0.01372687366204648, 'Sig': 0.8463756932084271}",0.9593352651053554,0.11622135932721024
1.26,4,29239.723326894207,1040954435.557646,0.9673973908799581,1.0215208128866409,5.164816096644773,"{'PRB': -0.07141922901483055, 'Sig': 0.2369090820134965}",1.020551075855357,0.054745975154143006
1.27,7,28375.77671873032,2316862809.3003206,0.8353468252311873,1.0064822334867376,7.700903454953571,"{'PRB': -0.0681500690474367, 'Sig': 0.5868650150303437}",0.9562059535745534,0.07599847531685143
1.28,3,25949.880131055408,708867982.355943,0.9688541864298116,0.9836294085053319,3.7964567028396092,"{'PRB': 0.08999973637228079, 'Sig': 0.12757792336901838}",0.9385621649519256,0.03594954843493514
1.29,5,28153.32392183209,1683370012.341411,0.9576584855283344,0.8726118240679926,19.212977935492667,"{'PRB': 0.26501923077154743, 'Sig': 0.10689033458676113}",0.9217148084649341,0.1867948921061718
1.3,6,63938.27243902266,5107789068.632318,0.7222353743332581,1.0373070112627107,10.835187123713668,"{'PRB': -0.2097051401921742, 'Sig': 0.06217063795223204}",0.914077962247266,0.09492359715703558
1.31,2,28719.50709795981,848281917.7316022,0.7382214059075098,0.9997387058835385,0.18049710460218996,"{'PRB': 0.008579451275892599, 'Sig': nan}",1.0798503826871135,0.0019485893867697834
1.32,4,33116.14425086988,1941691797.5006707,0.85995608587494,0.9980145591832562,7.645468229875973,"{'PRB': 0.03539611449703731, 'Sig': 0.8888303425601989}",1.0104104657144672,0.07535087177323771
1.33,7,36189.23018856626,2108113383.6339915,0.8940847996729664,1.0047533968696347,10.482032710438693,"{'PRB': -0.030021005822567507, 'Sig': 0.7316104147355688}",0.9917901640356678,0.10393138772146338
1.34,7,45863.3261005998,2926155575.448822,0.893794444429377,0.9643563892842797,16.821912264932134,"{'PRB': 0.213497028597479, 'Sig': 0.2546002354017726}",0.9176276693180371,0.15100445907575932
1.35,4,45451.96450948091,3600331625.7583647,-0.15292033409610895,1.0269475556610992,10.9634093705971,"{'PRB': -0.41600296484620347, 'Sig': 0.18006667679976765}",1.052784106127303,0.11302674370145299
1.38,4,60861.04646217261,4312811920.935602,0.30809489854457617,0.9941207958571902,14.366332104977616,"{'PRB': 0.7023178186536202, 'Sig': 0.518724465268815}",0.9421706213218809,0.12907689435420192
1.39,1,23897.93440396001,571111268.7759755,,1.0,0.0,"{'PRB': 0.0, 'Sig': nan}",0.93742225941153,0.0
1.4,4,72666.19850467391,5682095163.04005,0.7830886870300839,0.9433874488416077,20.29717355702418,"{'PRB': 0.5286871086501133, 'Sig': 0.101480219085134}",0.9011219322333094,0.16153791135576118
1.41,3,12670.405939980139,218079535.76403138,0.9826811475359056,1.0048685744903452,2.1171219832633974,"{'PRB': -0.06752688186385523, 'Sig': 0.39910877551220475}",1.013094535422609,0.02146313028876649
1.42,6,37315.83210953838,2367325725.6983547,0.8468968615833625,0.9988125333748318,7.885544417898607,"{'PRB': 0.009275557134787588, 'Sig': 0.9313158383392264}",0.9497192188365535,0.07466883462046549
1.43,4,52262.46724271387,4934789313.801888,0.8446614804778447,1.030424736514587,7.944875063794554,"{'PRB': -0.1573477139110777, 'Sig': 0.3053027011181605}",1.002561348398151,0.08039847506698042
1.44,4,15267.608470826402,411060439.7283233,0.9813002673042219,0.9844192320509318,4.05061410226999,"{'PRB': 0.10769107683018653, 'Sig': 0.11538818576062237}",0.9652612449035635,0.039645375562272905
1.45,2,13251.373404083788,203671275.41915092,0.8189208648255814,1.0069972444934807,4.56764043385135,"{'PRB': -0.20650311459395754, 'Sig': nan}",1.0172267707355056,0.04678837608324449
1.46,1,123396.77121387102,15226763146.008427,,1.0,0.0,"{'PRB': 0.0, 'Sig': nan}",1.284765791338661,0.0
1.47,1,95228.76433626062,9068517557.011063,,1.0,0.0,"{'PRB': 0.0, 'Sig': nan}",0.7458558642853612,0.0
1.49,3,109993.40469260338,23430146113.004852,-1.1827703273398948,1.0545420072886533,12.696003343653457,"{'PRB': -0.27644954636143043, 'Sig': 0.28884979357996116}",0.8153695295768971,0.10840598356529652
1.5,6,27372.587313481705,1632100455.411725,0.9594582836186947,1.0094645812095395,4.5820564622059745,"{'PRB': -0.015215517673590558, 'Sig': 0.7209648545238025}",0.9780535008364634,0.04502761958276356
1.51,1,3078.200209484523,9475316.52967056,,1.0,0.0,"{'PRB': 0.0, 'Sig': nan}",0.9817764378055299,0.0
1.52,6,49082.004162033794,3650309089.6975474,0.6088714538542856,1.049696826185501,13.78428942744031,"{'PRB': -0.29899509912281996, 'Sig': 0.030695537800900653}",0.9524063094161299,0.1303155501005636
1.53,8,44115.731937517994,4329611193.108364,0.9590822859546755,0.9833093063794905,7.000306564873947,"{'PRB': 0.020571234435424406, 'Sig': 0.7078343685138315}",0.9928503992197993,0.06776222512501524
1.54,2,13408.022054081754,290624496.4766268,0.9950243800633785,1.0050936688984788,1.0338878758689465,"{'PRB': -0.013362853350675927, 'Sig': nan}",0.9739412250415341,0.010120750740262197
1.55,1,45544.48593499878,2074300199.0833018,,1.0,0.0,"{'PRB': 0.0, 'Sig': nan}",0.8999087150552155,0.0
1.56,2,18953.71344456976,519909389.2786031,-0.034692794567326546,0.9995006144304109,5.340016435997558,"{'PRB': 3.955836715611918, 'Sig': nan}",0.9657461418715899,0.05154524889139461
1.57,3,40285.860770370426,2248882180.46121,0.9133092327961717,1.0083794863997662,2.0413725765535964,"{'PRB': -0.049294809803992715, 'Sig': 0.11206993590826632}",0.9252093736112935,0.01894495385591477
1.58,4,74133.12053479398,7348339513.390944,0.6038832755822892,1.0592120163520597,21.573268842834455,"{'PRB': -0.1652776620499425, 'Sig': 0.5372144208222511}",0.9364202912941256,0.20319138570129933
1.59,4,23648.98705221148,713413255.1727306,0.9770376285498881,1.0035309025176138,5.8842029102589395,"{'PRB': -0.017734926620965603, 'Sig': 0.8825309009958444}",1.0029603517851928,0.059057013072533415
1.6,2,183277.48552425829,61028872518.500305,-11.658936787892133,1.3578269046071076,57.85483303146557,"{'PRB': -0.8157162123736894, 'Sig': nan}",1.6627609900775144,1.3062126377398235
1.61,1,44729.30068911286,2000710340.1370723,,1.0,0.0,"{'PRB': 0.0, 'Sig': nan}",0.9253443208844614,0.0
1.62,2,35918.45827283914,1310446261.6639762,0.9087452499412575,1.027570574658568,8.091202677974033,"{'PRB': -0.1627365406369887, 'Sig': nan}",0.9904049700932601,0.08234506003099934
1.63,4,62340.43577725935,7741765692.084685,0.9777701228874724,0.9846068205654823,3.080712503741388,"{'PRB': 0.0195667084043089, 'Sig': 0.39068648235895564}",1.0682188310094343,0.03231339353966778
1.64,3,47094.49069197817,3118960345.861695,0.8917354052609251,0.9836287303568878,10.892121578183234,"{'PRB': 0.037609689977659344, 'Sig': 0.9067475137973684}",0.9772960703576379,0.11385264636064674
1.65,2,171174.8879846726,29632555752.53516,-1.428507081336062,1.1543557718142046,29.480570386133806,"{'PRB': -0.41771922749057216, 'Sig': nan}",0.97066821029004,0.3303287449303109
1.66,1,58727.695769421174,3448942250.3856897,,1.0,0.0,"{'PRB': 0.0, 'Sig': nan}",0.9284357273000816,0.0
1.67,3,75471.33092175725,8183610167.408291,0.9470593079515459,0.9937928990373176,0.6662218163462293,"{'PRB': 0.008969486248149116, 'Sig': 0.11629789799717957}",0.8770469448245319,0.005779774807650573
1.68,2,33293.05101166484,1164536022.3780031,0.8118296519411392,1.0383292739578196,10.64956592188854,"{'PRB': -0.20413713442424838, 'Sig': nan}",0.9768095016105673,0.10801321177734158
1.69,1,19618.812609583023,384897808.2099338,,1.0,0.0,"{'PRB': 0.0, 'Sig': nan}",1.0659475421160491,0.0
1.71,1,61215.47889686757,3747334856.572839,,1.0,0.0,"{'PRB': 0.0, 'Sig': nan}",0.7320217193460326,0.0
1.72,2,25987.567064241026,714906569.0058198,0.9768201173085342,1.0874940397980841,12.301946637786838,"{'PRB': -0.10900598991520835, 'Sig': nan}",1.0934315792639429,0.1462824874975721
1.73,5,32449.28353293985,1630410492.8822007,0.8432829382480529,1.005078232226862,7.0776026096434945,"{'PRB': -0.038839388610615866, 'Sig': 0.8444723647480602}",0.9977369797537918,0.06710600003494742
1.74,1,17517.831741683476,306874428.92993313,,1.0,0.0,"{'PRB': 0.0, 'Sig': nan}",0.9661325489753179,0.0
1.76,2,86136.54123615846,11900787435.124449,0.8174762928503562,0.8839351020296601,33.710692536034735,"{'PRB': 0.5682275797544254, 'Sig': nan}",0.821921207418512,0.24491661108462492
1.77,2,47547.69165950507,2880627504.553572,0.6505829406956847,0.987642430371687,12.532429393730684,"{'PRB': 0.8671858471577689, 'Sig': nan}",0.9425274750460658,0.11666189454959203
1.78,3,20260.979781443846,802210795.4535822,0.9615522672484195,1.0399899772624825,8.683526815584262,"{'PRB': -0.1525340933231512, 'Sig': 0.35679272603427953}",1.0366448050973076,0.08751831570399915
1.79,2,37131.027267200145,1860035381.0345914,0.9178200849467862,0.9826636856930798,7.0766522583417215,"{'PRB': 0.19261044159116503, 'Sig': nan}",0.9279659621835942,0.06453046710904109
1.8,3,74129.86449497579,6460381284.671627,0.8406492016480773,0.9504284620464849,15.04699080963766,"{'PRB': 0.389960593203251, 'Sig': 0.30314715567193584}",1.0106315787951665,0.1292657325029468
1.81,2,75138.4910256982,7435464944.346175,-0.06383627796402802,0.992021971956719,10.50065186733708,"{'PRB': 0.9484868530890527, 'Sig': nan}",0.8606532362493603,0.08965319222054097
1.82,1,56479.39722288324,3189922310.660231,,1.0,0.0,"{'PRB': 0.0, 'Sig': nan}",0.9010921353791989,0.0
1.85,1,26597.660237626114,707435530.1161972,,1.0,0.0,"{'PRB': 0.0, 'Sig': nan}",1.0710640410517847,0.0
1.89,2,14520.28694938292,318072338.48535067,0.3617917407629858,0.9989197540583775,2.916995582568513,"{'PRB': 0.5451359486098324, 'Sig': nan}",1.044974748237547,0.03044893933166115
1.9,4,44852.92963692939,2986754181.827674,0.72002260374692,1.0149286131244952,14.688459556964457,"{'PRB': -0.20109329280461802, 'Sig': 0.5990760397851204}",0.9849757075031675,0.14258338428392572
1.91,3,102915.91647562226,12995199406.778368,0.4751382587935342,1.079935120322493,14.697107117113335,"{'PRB': -0.2537540960589738, 'Sig': 0.3421184844872797}",1.1234652361131996,0.1815725028574844
1.93,1,56993.899550354574,3248304585.9559073,,1.0,0.0,"{'PRB': 0.0, 'Sig': nan}",0.8938884178762656,0.0
1.94,1,34804.10200054041,1211325516.064021,,1.0,0.0,"{'PRB': 0.0, 'Sig': nan}",0.9112108775721532,0.0
1.95,1,40932.95711376771,1675506978.0775468,,1.0,0.0,"{'PRB': 0.0, 'Sig': nan}",0.8216879186920035,0.0
1.96,4,47494.66266816273,3263812053.1521025,0.6132282557455637,1.0134068947413863,6.751813459291854,"{'PRB': -0.10302242626049735, 'Sig': 0.2974828480981253}",0.8853265567421237,0.06040634920566676
1.97,3,84872.67060368879,7368000130.267358,0.40929450097279063,1.0146805894059712,13.344275691146635,"{'PRB': -0.19097241073619034, 'Sig': 0.777758786892719}",0.9577531960148816,0.11613762762510334
1.98,2,73780.68777937914,5464436566.70229,0.8821585742836797,0.9858782829332862,8.753149203714228,"{'PRB': 0.3674237374797556, 'Sig': nan}",1.005278145872051,0.0867508767659999
1.99,3,45956.54612987892,2305622118.0149097,0.9576450267967327,0.9130048174935043,19.39921927707447,"{'PRB': 0.20941810934013097, 'Sig': 0.4813260277841078}",1.0130581855159746,0.20278405969253285
2.0,20,79371.15910403637,15302183434.627752,0.7594739171409193,1.0230399939986006,21.241660212027668,"{'PRB': -0.04062370736844159, 'Sig': 0.6074746595023166}",0.8714228674551843,0.19146237717641804
2.01,3,51937.04787474629,3422967352.724291,0.9146983180617676,1.0088222378877634,7.411071349816529,"{'PRB': -0.05440411438124714, 'Sig': 0.7618081995363198}",1.0835667092349053,0.08392005001458273
2.02,5,63216.70759959579,4847687208.763038,0.866375990273643,0.9230951167933323,23.55189671892243,"{'PRB': 0.31434598399945074, 'Sig': 0.1515429121535722}",0.9509271103114985,0.2104489953746967
2.03,6,73892.72055638306,8706937541.843145,0.8992621373560367,0.9652084067895103,28.030174868151924,"{'PRB': 0.08494285186471177, 'Sig': 0.6109472671555001}",0.910219338961551,0.2660124161443855
2.05,4,18591.557434280294,775530527.521289,0.8807773631529867,1.0510688206673655,10.810352127238275,"{'PRB': -0.2593497702018068, 'Sig': 0.020109750274735265}",1.056042821799621,0.11070380185348891
2.06,2,66855.78216509364,6709482319.918934,0.7245223764609332,0.9697601399002183,13.802138719080979,"{'PRB': 0.4161444793987148, 'Sig': nan}",1.1198588103953309,0.14989045862620531
2.09,3,114337.75581622687,13467710890.944153,-2.191293452892404,1.0128671589916516,11.953986705009436,"{'PRB': -0.7115569671737286, 'Sig': 0.4653051427456899}",0.9245561031262954,0.10175535440700738
2.1,2,79169.10015866594,11731134652.86746,-5.116470352609474,1.011098412069904,16.31418063037773,"{'PRB': -1.678162331967711, 'Sig': nan}",0.8594141398101738,0.14176244325767723
2.12,3,104233.25342123216,11284443018.507702,0.665442327363786,0.9983338248611227,17.205821237353152,"{'PRB': 0.0645742045841307, 'Sig': 0.9077752004729167}",0.9372793387615281,0.1443435771574418
2.15,2,29526.961341616,1473845471.9511206,0.9210277971126234,0.9435226469879712,16.812086495431444,"{'PRB': 0.3129685728254515, 'Sig': nan}",0.9184223314151239,0.14568551702428978
2.16,1,60363.74641040739,3643781880.6999707,,1.0,0.0,"{'PRB': 0.0, 'Sig': nan}",0.64898420398816,0.0
2.17,1,55106.325914377,3036707155.781538,,1.0,0.0,"{'PRB': 0.0, 'Sig': nan}",1.0851652628706203,0.0
2.18,1,31990.2686578813,1023377288.8034227,,1.0,0.0,"{'PRB': 0.0, 'Sig': nan}",0.9014936207106135,0.0
2.2,1,58109.33904453792,3376695284.193059,,1.0,0.0,"{'PRB': 0.0, 'Sig': nan}",0.6968393020609607,0.0
2.22,1,77718.11050278007,6040104700.122334,,1.0,0.0,"{'PRB': 0.0, 'Sig': nan}",0.8188199450248155,0.0
2.25,6,56605.14500204226,4829905529.870915,0.7184930596347576,0.9907915118905285,8.658436049902308,"{'PRB': 0.16422671605378944, 'Sig': 0.35972626521322204}",1.1031173213493874,0.09532782990985715
2.26,1,5598.660561598779,31345000.084001556,,1.0,0.0,"{'PRB': 0.0, 'Sig': nan}",0.9876200374056168,0.0
2.27,1,9517.785278839758,90588236.6140988,,1.0,0.0,"{'PRB': 0.0, 'Sig': nan}",0.984398679105644,0.0
2.28,1,19556.913781943847,382472876.6743852,,1.0,0.0,"{'PRB': 0.0, 'Sig': nan}",1.0586412296395245,0.0
2.3,3,100683.07315976568,15225500247.320059,-7.784566549907495,1.0665285603615657,27.570011407579567,"{'PRB': -1.1364699895253365, 'Sig': 0.14809579790988825}",0.7633332377334806,0.22258492266908556
2.33,1,44887.73438962351,2014908698.6333892,,1.0,0.0,"{'PRB': 0.0, 'Sig': nan}",0.8451766621748478,0.0
2.36,1,110802.88336098485,12277278961.108013,,1.0,0.0,"{'PRB': 0.0, 'Sig': nan}",1.213668776505659,0.0
2.37,1,28671.74842347938,822069157.6592923,,1.0,0.0,"{'PRB': 0.0, 'Sig': nan}",0.9415907383766642,0.0
2.38,1,71100.14510252164,5055230633.599631,,1.0,0.0,"{'PRB': 0.0, 'Sig': nan}",0.6437710447224477,0.0
2.39,1,33321.292504030556,1110308534.139163,,1.0,0.0,"{'PRB': 0.0, 'Sig': nan}",1.3943875281275921,0.0
2.42,2,63956.60317873277,5388910411.505156,0.7195459559967805,0.9055490692341878,30.562232623487013,"{'PRB': 0.5958296032864694, 'Sig': nan}",0.7872273664149185,0.21786990730006628
2.43,1,54669.821542274876,2988789387.464182,,1.0,0.0,"{'PRB': 0.0, 'Sig': nan}",1.3222806986146325,0.0
2.44,2,63437.28450756472,5067727684.334146,0.48236269883777483,0.9713107989734511,21.387549767728107,"{'PRB': 1.0665978627102324, 'Sig': nan}",1.1256347919845249,0.23383889951657377
2.46,1,48742.0417282781,2375786631.841203,,1.0,0.0,"{'PRB': 0.0, 'Sig': nan}",1.1571705596079445,0.0
2.47,1,49194.33429033542,2420082526.2692714,,1.0,0.0,"{'PRB': 0.0, 'Sig': nan}",0.9333523291980854,0.0
2.49,1,41318.95446017195,1707255997.681764,,1.0,0.0,"{'PRB': 0.0, 'Sig': nan}",1.1996547284777628,0.0
2.5,9,71408.63799671164,8708636547.115711,0.8172242140583057,0.977832521052048,24.30677182132402,"{'PRB': 0.030130375741522008, 'Sig': 0.8606154771674014}",0.854774817413844,0.2300636599274828
2.51,2,15628.810435605119,244895201.7200099,0.9382970297324991,1.000194763468472,0.17258696200284956,"{'PRB': -0.010557604992281078, 'Sig': nan}",1.0283487710724064,0.0017751415681933613
2.52,2,31228.118755656556,1535884031.6581714,0.503918580201749,0.9955959123811502,6.234754331510494,"{'PRB': 0.6080791805000823, 'Sig': nan}",0.9306813735736934,0.057770146996606986
2.53,1,54315.03545608657,2950123076.595941,,1.0,0.0,"{'PRB': 0.0, 'Sig': nan}",0.8849484500367325,0.0
2.54,1,158323.24094502744,25066248623.337215,,1.0,0.0,"{'PRB': 0.0, 'Sig': nan}",1.214957792381103,0.0
2.57,2,74683.01318358333,5970463052.407368,-1.604025965948551,1.0426706832379795,15.785976267527845,"{'PRB': -0.41244068479429824, 'Sig': nan}",0.9580735782741538,0.15769483591800054
2.59,1,20761.67184713058,431047017.8879345,,1.0,0.0,"{'PRB': 0.0, 'Sig': nan}",0.9374749517701803,0.0
2.64,1,51767.93418228364,2679919009.501251,,1.0,0.0,"{'PRB': 0.0, 'Sig': nan}",0.8474613873048572,0.0
2.67,1,28484.531114224315,811368512.7972131,,1.0,0.0,"{'PRB': 0.0, 'Sig': nan}",0.8672108835152105,0.0
2.7,1,28346.893514541152,803546371.9247352,,1.0,0.0,"{'PRB': 0.0, 'Sig': nan}",0.919913598821942,0.0
2.71,2,40472.04542758569,1709262775.9105072,-13.696326949422321,1.0173000004739425,15.129537850252381,"{'PRB': -0.929058152729312, 'Sig': nan}",1.0319646339451045,0.1588325545701056
2.72,1,5129.0781785172,26307442.96134132,,1.0,0.0,"{'PRB': 0.0, 'Sig': nan}",1.0198170926153138,0.0
2.76,3,22475.697925963457,540907645.7294091,0.311150863131351,0.9991392552274673,4.466945038016027,"{'PRB': 2.388303449631024, 'Sig': 0.1385668801426753}",0.9793853285970033,0.04291088090898317
2.8,3,74987.79969554092,7305870975.204751,0.9560499671590601,0.955240441573283,7.326992792999857,"{'PRB': 0.06923346955148268, 'Sig': 0.3008486024782964}",0.9003042945715045,0.06221489829100383
2.82,1,52899.53930888465,2798361259.0922318,,1.0,0.0,"{'PRB': 0.0, 'Sig': nan}",0.8891282132390494,0.0
2.84,2,44989.218674161384,2291635847.446665,-0.21036828263667773,1.057785455374058,16.611445367761398,"{'PRB': -0.33711448928375537, 'Sig': nan}",0.9392131293286825,0.16503238208318916
2.85,2,17887.49478384829,324766601.64236677,0.8916247679874582,0.9940400037160485,5.389400063888248,"{'PRB': 0.3343968397036421, 'Sig': nan}",1.0066163517261972,0.05392724903411289
2.86,1,9424.019630440744,88812145.99493249,,1.0,0.0,"{'PRB': 0.0, 'Sig': nan}",1.0544130899372592,0.0
2.87,1,168916.43815273175,28532763078.20565,,1.0,0.0,"{'PRB': 0.0, 'Sig': nan}",0.8111347528711024,0.0
2.92,2,29274.34531624666,1138850203.7040648,-0.5957781105089845,0.9950201095340387,10.381107135485538,"{'PRB': 1.4913636218338238, 'Sig': nan}",0.8578099721649592,0.08860671212564608
2.93,1,12063.338805724954,145524143.14170957,,1.0,0.0,"{'PRB': 0.0, 'Sig': nan}",1.0771280373458065,0.0
2.94,2,27719.075087810634,849743774.8600838,0.6051520524414646,1.0029888493341057,2.5136833856071648,"{'PRB': -0.14628233720042405, 'Sig': nan}",1.0593018526895992,0.026707080244214088
2.98,1,104366.63441563485,10892394379.246777,,1.0,0.0,"{'PRB': 0.0, 'Sig': nan}",1.2582179722281692,0.0
2.99,1,145079.3906385497,21048029588.052902,,1.0,0.0,"{'PRB': 0.0, 'Sig': nan}",0.7452948468111699,0.0
3.0,8,80463.04120454163,31791528020.178364,-0.2596969099436479,1.0751287380743062,40.03844179767364,"{'PRB': -0.7692387294916107, 'Sig': 0.39057135668822807}",1.2378434169106702,0.40002209896354224
3.01,2,114714.83422246773,15556623113.35994,-1.0815668299581116,1.0078310756772035,4.469876396996351,"{'PRB': -0.1764208772561502, 'Sig': nan}",0.8527324620775941,0.038414577014154794
3.02,1,28019.61005907727,785098547.8627441,,1.0,0.0,"{'PRB': 0.0, 'Sig': nan}",0.8321079295644095,0.0
3.03,1,64652.80501256231,4179985195.9924026,,1.0,0.0,"{'PRB': 0.0, 'Sig': nan}",0.6974129649724433,0.0
3.06,1,48982.31327035022,2399267013.3147273,,1.0,0.0,"{'PRB': 0.0, 'Sig': nan}",1.0972319475040822,0.0
3.09,3,56132.00647877081,3520195615.4088616,0.9540417653327489,0.9057223975139478,14.948298868366049,"{'PRB': 0.21994944101286285, 'Sig': 0.2716860408621881}",1.0353001144408849,0.16185566090659412
3.1,2,15633.539096705237,265055356.3044159,-0.9314749125136947,0.9997237834654363,1.2423038467267067,"{'PRB': 0.38711419787950707, 'Sig': nan}",1.0484896280899785,0.013021829143990082
3.12,1,25682.347434848838,659582969.7642866,,1.0,0.0,"{'PRB': 0.0, 'Sig': nan}",1.1308390284420342,0.0
3.15,2,86519.15826472186,7499285622.075949,-0.3679106999606454,1.0032202094434395,14.858214369893723,"{'PRB': -4.766597331855491, 'Sig': nan}",1.0064137769845538,0.15001665082657095
3.17,1,49353.66332260269,2435784083.360818,,1.0,0.0,"{'PRB': 0.0, 'Sig': nan}",0.8030278747828276,0.0
3.18,1,3346.845303623675,11201373.48638785,,1.0,0.0,"{'PRB': 0.0, 'Sig': nan}",0.9604624758424644,0.0
3.21,2,68461.89692062803,8324899759.34023,-6.769044148848661,1.0058873471591712,10.825689108528145,"{'PRB': -1.386576705324321, 'Sig': nan}",0.9087281468249678,0.09895525817572781
3.28,1,9016.80127659309,81302705.2615708,,1.0,0.0,"{'PRB': 0.0, 'Sig': nan}",1.037007309376909,0.0
3.32,1,16654.174702798948,277361535.0313484,,1.0,0.0,"{'PRB': 0.0, 'Sig': nan}",1.028984861632518,0.0
3.33,1,100769.8748675109,10154567680.813805,,1.0,0.0,"{'PRB': 0.0, 'Sig': nan}",0.09347713404005413,0.0
3.34,1,9261.335505315248,85772335.34201284,,1.0,0.0,"{'PRB': 0.0, 'Sig': nan}",1.0454877469496522,0.0
3.36,1,43234.85931042681,1869253059.5923996,,1.0,0.0,"{'PRB': 0.0, 'Sig': nan}",1.3258381576962157,0.0
3.38,1,18479.056486579386,341475528.6341917,,1.0,0.0,"{'PRB': 0.0, 'Sig': nan}",1.072857764801229,0.0
3.39,1,49484.02870671183,2448669097.046681,,1.0,0.0,"{'PRB': 0.0, 'Sig': nan}",1.1179603956475659,0.0
3.4,2,28772.58716070105,985124279.5923643,0.7149597012830968,0.991182475177116,9.68701391054396,"{'PRB': 0.729097302809862, 'Sig': nan}",0.9616324387178988,0.09233208508953561
3.41,1,111786.1420873088,12496141562.763992,,1.0,0.0,"{'PRB': 0.0, 'Sig': nan}",0.8646627615885033,0.0
3.5,1,14593.07585190289,212957862.81939125,,1.0,0.0,"{'PRB': 0.0, 'Sig': nan}",0.9693550941362152,0.0
3.52,1,81024.94058263185,6565040996.419023,,1.0,0.0,"{'PRB': 0.0, 'Sig': nan}",0.9166089158405492,0.0
3.54,1,35083.953293342114,1230883778.689411,,1.0,0.0,"{'PRB': 0.0, 'Sig': nan}",0.8540436733307222,0.0
3.57,1,41887.248403232894,1754541578.7941365,,1.0,0.0,"{'PRB': 0.0, 'Sig': nan}",1.0696680128417597,0.0
3.68,1,9918.068061737344,98368074.07725435,,1.0,0.0,"{'PRB': 0.0, 'Sig': nan}",0.965269717488518,0.0
3.8,2,59596.909785338445,3554447532.2333903,0.9190317190709314,0.7554562456927084,52.83255196999374,"{'PRB': 0.5134496047809303, 'Sig': nan}",0.9933399618128225,0.39646861379595366
3.89,1,76322.983571877,5825197821.313007,,1.0,0.0,"{'PRB': 0.0, 'Sig': nan}",0.8349766133412436,0.0
4.0,4,85488.3028642009,7730955781.291241,0.8012223111744391,1.0185897999698204,17.136716599917314,"{'PRB': -0.05019248842897791, 'Sig': 0.8634180391128948}",0.9100624907383332,0.14209765232842156
4.02,1,14578.309581234236,212527110.24630594,,1.0,0.0,"{'PRB': 0.0, 'Sig': nan}",0.967806739257603,0.0
4.03,2,111436.98055598635,24659896391.727623,0.6068142853934115,1.068568239728862,12.054549317797832,"{'PRB': -0.14081524932963363, 'Sig': nan}",0.8372449795609446,0.10784643460685106
4.05,1,194853.75135127327,37967984415.663826,,1.0,0.0,"{'PRB': 0.0, 'Sig': nan}",0.7222983294025361,0.0
4.07,1,1576.7942646560841,2486280.153052321,,1.0,0.0,"{'PRB': 0.0, 'Sig': nan}",0.9932736013355827,0.0
4.14,1,16541.797303232423,273631058.0212274,,1.0,0.0,"{'PRB': 0.0, 'Sig': nan}",1.0872194520852456,0.0
4.24,1,153373.68831774686,23523488268.189358,,1.0,0.0,"{'PRB': 0.0, 'Sig': nan}",0.5147902247118841,0.0
4.3,1,120853.48966096796,14605565963.233688,,1.0,0.0,"{'PRB': 0.0, 'Sig': nan}",0.8302696977795044,0.0
4.34,3,136696.01641908125,32001604500.46979,-1.4860166414606475,1.1059487331747377,21.09265947043364,"{'PRB': -0.37618269839070273, 'Sig': 0.3711546312062138}",0.8733387426737899,0.22860679290685015
4.37,1,9437.314233446494,89062899.94081178,,1.0,0.0,"{'PRB': 0.0, 'Sig': nan}",0.9792998825881273,0.0
4.39,1,3823.127523551462,14616304.061336737,,1.0,0.0,"{'PRB': 0.0, 'Sig': nan}",1.011208267842678,0.0
4.4,1,74367.57867053262,5530536757.317858,,1.0,0.0,"{'PRB': 0.0, 'Sig': nan}",0.8279446611591559,0.0
4.6,2,38765.56019022298,2262685175.377428,0.3345153406799882,1.0338676673756808,12.27468467587482,"{'PRB': -0.31108777341411653, 'Sig': nan}",1.075784959854539,0.13652141038874865
4.62,2,58368.124005547346,4552127918.92126,-1.781098507651071,0.9988230876030453,8.399634517076978,"{'PRB': 4.150081999446389, 'Sig': nan}",0.8762295358991076,0.07351345770134698
4.66,1,143332.28491598257,20544143899.236404,,1.0,0.0,"{'PRB': 0.0, 'Sig': nan}",0.6744824976077827,0.0
4.67,1,96640.2636727806,9339340562.744556,,1.0,0.0,"{'PRB': 0.0, 'Sig': nan}",1.123293676602554,0.0
4.68,1,12334.95958075556,152151227.85887337,,1.0,0.0,"{'PRB': 0.0, 'Sig': nan}",0.9560575213411944,0.0
4.7,2,20849.762359320972,533009964.4877414,0.7992959901737163,0.9977811857417961,1.9702272792831605,"{'PRB': 0.12048079970530949, 'Sig': nan}",1.056542995356924,0.020770110812380116
4.82,1,65710.14393308377,4317823015.706587,,1.0,0.0,"{'PRB': 0.0, 'Sig': nan}",1.284987704284314,0.0
4.87,1,86616.68889181962,7502450794.582269,,1.0,0.0,"{'PRB': 0.0, 'Sig': nan}",1.269576680872156,0.0
4.88,1,96393.11411356201,9291632448.51019,,1.0,0.0,"{'PRB': 0.0, 'Sig': nan}",0.7151075321532864,0.0
4.89,1,42840.21204880747,1835283768.3867888,,1.0,0.0,"{'PRB': 0.0, 'Sig': nan}",1.189565348534079,0.0
4.95,1,119727.04952644039,14334566388.30671,,1.0,0.0,"{'PRB': 0.0, 'Sig': nan}",0.8095201850392516,0.0
4.99,1,50181.54193400487,2518187150.874289,,1.0,0.0,"{'PRB': 0.0, 'Sig': nan}",1.1600291750673088,0.0
5.0,69,57914.062261467625,6730531727.865137,0.8109394490073689,1.0397829501686937,17.771320095952852,"{'PRB': -0.17215906548600135, 'Sig': 0.0017614012338148116}",0.9946259559294055,0.17259948385171225
5.01,20,61275.84804265569,6319955930.81744,0.5524110477818881,1.0477890009252875,15.73283267988227,"{'PRB': -0.21329635946690784, 'Sig': 0.0026193123504580514}",0.9554779912405028,0.14862559664570782
5.02,4,21665.103698201638,528677926.4071369,0.99331775849217,0.9914681300600953,3.855947005733101,"{'PRB': 0.042165408420843736, 'Sig': 0.4356581584012662}",1.00711662049255,0.0383372814937982
5.03,4,85475.51297934196,9030189459.71498,0.9629662442093142,1.070000863339807,20.304237088378144,"{'PRB': -0.08766864240829367, 'Sig': 0.6799791408790326}",0.9471751822483622,0.18514086620780182
5.05,2,68972.71255750801,5371036636.148344,0.4605468844985656,0.9967310137036799,1.029786068920481,"{'PRB': 0.021632753918211938, 'Sig': nan}",1.2928624799432173,0.013270195348012104
5.06,1,21985.68603260402,483370390.32423943,,1.0,0.0,"{'PRB': 0.0, 'Sig': nan}",1.0860775085725414,0.0
5.07,3,251430.75316239265,86596581913.41602,-0.7589343299198359,1.1254896964314565,44.07706074377706,"{'PRB': -0.21961444425487772, 'Sig': 0.8030019423617166}",0.797658579595542,0.28315173413621136
5.08,1,13346.925663270173,178140424.66085994,,1.0,0.0,"{'PRB': 0.0, 'Sig': nan}",0.979923304172994,0.0
5.09,3,65315.22354490532,6304147011.073154,0.4975076257961184,0.9965680115851369,18.404219430288048,"{'PRB': 0.08083494130084481, 'Sig': 0.9226597727583915}",1.1200727053089865,0.19592043980180365
5.1,4,22078.241542207237,661046242.1900411,0.9885296996891184,1.0364555899462433,9.455293064291604,"{'PRB': -0.07850288843017722, 'Sig': 0.32429370289678494}",1.0335748884638103,0.10014322208717677
5.11,1,60253.358765928366,3630467242.5756764,,1.0,0.0,"{'PRB': 0.0, 'Sig': nan}",1.1878171315278434,0.0
5.14,2,62872.1543218368,4233198599.6082635,-32.77091783730709,1.0404136104816037,18.142023381364222,"{'PRB': -0.5782348598667517, 'Sig': nan}",0.951604073217159,0.1796172486096202
5.15,2,105151.47350960065,11794840625.324215,0.842518997392224,1.1454369714968566,22.36580683762587,"{'PRB': -0.24068087844680458, 'Sig': nan}",1.040710987240715,0.26661581444542476
5.16,1,58158.73351136927,3382438283.6464667,,1.0,0.0,"{'PRB': 0.0, 'Sig': nan}",0.887229554466974,0.0
5.17,2,11829.490893448557,145911542.81388408,0.993066071901002,0.9908383280483145,2.9248338240592013,"{'PRB': 0.061932707459967026, 'Sig': nan}",1.0057998468041212,0.029148456293276725
5.18,1,355641.46113095456,126480848875.36026,,1.0,0.0,"{'PRB': 0.0, 'Sig': nan}",1.461025095083576,0.0
5.2,2,82363.3122295624,7805119643.73444,0.9314340155117193,0.9375111197227816,14.978581489311132,"{'PRB': 0.217003152488295, 'Sig': nan}",1.0557653730891836,0.1482567679058337
5.21,1,64067.91013493389,4104697109.0579643,,1.0,0.0,"{'PRB': 0.0, 'Sig': nan}",1.144357865051733,0.0
5.25,1,310862.73832991975,96635642081.97617,,1.0,0.0,"{'PRB': 0.0, 'Sig': nan}",1.4992421458161358,0.0
5.26,1,187515.369409132,35162013764.643234,,1.0,0.0,"{'PRB': 0.0, 'Sig': nan}",0.62488476228,0.0
5.27,2,24127.21648092015,585070781.0490243,0.8225969728676332,1.0012643386159277,0.7301400890116493,"{'PRB': -0.02896917717477732, 'Sig': nan}",1.0748988228239016,0.007858190089068184
5.28,2,22466.991640401597,650604575.7397989,0.7076999727271868,0.9948346018540954,6.6371474199973095,"{'PRB': 0.5868755400904178, 'Sig': nan}",1.0382303993796804,0.06855294035387932
5.3,7,77817.79467969263,8136294033.583352,0.3811988048824414,1.031942593023126,15.402614781667975,"{'PRB': -0.29286097772823383, 'Sig': 0.09552553968148829}",1.0962704223144266,0.1661152269480854
5.31,4,49192.28500929302,3237955018.598998,0.854385576368307,0.9927569507655154,9.26751626634959,"{'PRB': 0.0848139196404954, 'Sig': 0.7571074035980541}",0.9838990918260243,0.09331376544202552
5.32,2,58893.384264274704,3483675794.5620384,0.7267540809325296,0.9216292328583288,32.28298647174724,"{'PRB': 0.8294936750108604, 'Sig': nan}",1.019038888872119,0.303194070518391
5.34,2,63422.67177905569,4024902093.0609255,-2.7421983884645296,0.9984958444552857,1.5639241209804742,"{'PRB': 0.11219191253243854, 'Sig': nan}",0.822235498045464,0.012839797139540865
5.35,3,47560.43690103758,3945149253.9284687,-4.407969486489014,1.021503451938197,16.903793937057447,"{'PRB': -1.4237886360744114, 'Sig': 0.02295519603027109}",1.072385867042135,0.16448180853627267
5.36,2,67190.97151904018,6752487131.078047,-16.05387543009016,1.0584627487069633,20.3086188064202,"{'PRB': -0.5045636394111108, 'Sig': nan}",0.8522681581763804,0.18320285150375254
5.37,2,107186.07628794239,14382705828.004826,0.9055232252326623,1.0652556089109955,11.579092572397036,"{'PRB': -0.13630847859400327, 'Sig': nan}",0.9427787842959121,0.11628887162376367
5.42,1,58917.64181925455,3471288517.541973,,1.0,0.0,"{'PRB': 0.0, 'Sig': nan}",0.7954196279214956,0.0
5.43,2,27475.460247219235,927996024.8573908,0.5708838745279788,1.008318937091288,3.166959342201982,"{'PRB': -0.08232173587250016, 'Sig': nan}",0.8800255663852977,0.028101901096795667
5.45,2,54541.39147830148,3205977602.681073,-3.009249684615251,1.0409332317029203,16.067984330767242,"{'PRB': -0.44585305433569755, 'Sig': nan}",0.9550668366985121,0.15974160298332313
5.46,1,81968.43083699624,6718823653.879436,,1.0,0.0,"{'PRB': 0.0, 'Sig': nan}",0.7875262408064678,0.0
5.49,1,23090.318141562515,533162791.878571,,1.0,0.0,"{'PRB': 0.0, 'Sig': nan}",1.0369188913410468,0.0
5.5,5,80122.41861434035,12055586326.759628,0.797752764470526,0.9934050796233532,15.797083166491932,"{'PRB': 0.014977994752211038, 'Sig': 0.9491856256306779}",1.164258898378405,0.17288686181074137
5.51,1,37617.2407357326,1415056800.5700603,,1.0,0.0,"{'PRB': 0.0, 'Sig': nan}",1.0724460672247007,0.0
5.55,1,166502.71823461185,27723155179.514545,,1.0,0.0,"{'PRB': 0.0, 'Sig': nan}",2.552439868820997,0.0
5.56,2,146503.26927690243,22766836140.807865,-17.608558624119702,1.0469568924069041,17.61422823022614,"{'PRB': -0.4689457946510336, 'Sig': nan}",1.5247877098299991,0.281191250016421
5.57,1,42751.68535702606,1827706600.866156,,1.0,0.0,"{'PRB': 0.0, 'Sig': nan}",0.895731839986464,0.0
5.58,1,138998.50679701532,19320584891.799915,,1.0,0.0,"{'PRB': 0.0, 'Sig': nan}",1.327578284446039,0.0
5.6,3,110141.77634374838,16478442083.650833,0.0383197426746853,1.0720075690022797,12.392153993236033,"{'PRB': -0.2702583755854531, 'Sig': 0.1395217357279281}",0.9597418015280508,0.13642887836466785
5.61,1,16184.517365507898,261938602.3544267,,1.0,0.0,"{'PRB': 0.0, 'Sig': nan}",0.9600801709012389,0.0
5.63,3,56391.467163794965,5480512302.051407,0.989810203160937,1.015334512370098,5.192759138268754,"{'PRB': -0.02660026743317209, 'Sig': 0.6865865323558805}",1.064325635517975,0.055284714934714575
5.69,1,65302.65814167404,4264437160.368346,,1.0,0.0,"{'PRB': 0.0, 'Sig': nan}",0.7912396918656461,0.0
5.71,3,23948.300907379587,823121592.0958996,0.7894038626522817,1.0156559203835664,5.015983984943397,"{'PRB': -0.15102822161131407, 'Sig': 0.2366264589538518}",1.0811268625558992,0.05605388840321498
5.73,1,165642.6358734778,27437482819.113552,,1.0,0.0,"{'PRB': 0.0, 'Sig': nan}",1.6304710815072452,0.0
5.75,2,125080.66649106558,16204018481.329714,-18029.428796722517,1.0514958871799749,22.05393286007764,"{'PRB': -0.6769199657187708, 'Sig': nan}",1.0416538739633294,0.24155557194694421
5.77,2,77236.07588029274,5986355891.713339,-2.49954814366991,0.999976299653703,0.037937724106277305,"{'PRB': 0.004203751738903243, 'Sig': nan}",0.8949585736953051,0.0003395188676485472
5.78,1,14029.562225194706,196828616.23061022,,1.0,0.0,"{'PRB': 0.0, 'Sig': nan}",0.9504722261781067,0.0
5.79,1,511874.58301963157,262015588741.5217,,1.0,0.0,"{'PRB': 0.0, 'Sig': nan}",0.1339155832442265,0.0
5.84,1,19562.056662360497,382674060.8614027,,1.0,0.0,"{'PRB': 0.0, 'Sig': nan}",0.945330057306216,0.0
5.85,1,41973.99876180629,1761816572.0561159,,1.0,0.0,"{'PRB': 0.0, 'Sig': nan}",1.1364919309079176,0.0
5.93,2,83494.92839771385,11448363401.529764,0.3272321530102873,1.2217063113144595,32.31605591822725,"{'PRB': -0.35269606413572663, 'Sig': nan}",1.175624685771753,0.4641452017966448
5.96,2,74194.75370008979,5616141262.302687,0.1115951870557732,0.9972848615066261,19.237670455210374,"{'PRB': 9.42134673363333, 'Sig': nan}",1.028094907340612,0.19724450604925448
6.0,6,47369.13295751651,4867243311.652194,0.7839331370646576,0.9634685401052946,19.74019953217235,"{'PRB': 0.20168426027543837, 'Sig': 0.49031150034126125}",0.9723920492250933,0.19709555628921005
6.01,1,70243.83983613126,4934197034.924061,,1.0,0.0,"{'PRB': 0.0, 'Sig': nan}",0.8241551374960892,0.0
6.03,1,119432.84211666137,14264203776.063362,,1.0,0.0,"{'PRB': 0.0, 'Sig': nan}",0.7749941547717019,0.0
6.12,2,46668.301431651125,2245929174.79622,0.7050957480856155,0.9774409672543801,17.061072359406246,"{'PRB': 0.868832347244413, 'Sig': nan}",0.9725244666992549,0.1621800382631881
6.13,1,47173.75997146052,2225363629.8449707,,1.0,0.0,"{'PRB': 0.0, 'Sig': nan}",0.5246581682446328,0.0
6.24,1,9836.867875421885,96763969.59850708,,1.0,0.0,"{'PRB': 0.0, 'Sig': nan}",0.9837645406072986,0.0
6.26,1,33518.15572646313,1123466763.303433,,1.0,0.0,"{'PRB': 0.0, 'Sig': nan}",1.1289264740757021,0.0
6.28,1,77034.32935953973,5934287899.874044,,1.0,0.0,"{'PRB': 0.0, 'Sig': nan}",0.8644352109030348,0.0
6.3,1,906.2389131402597,821268.9676896392,,1.0,0.0,"{'PRB': 0.0, 'Sig': nan}",1.002194975264729,0.0
6.33,1,90347.13814233919,8162605370.510921,,1.0,0.0,"{'PRB': 0.0, 'Sig': nan}",1.0610206312115844,0.0
6.36,1,38943.00342660118,1516557515.8842711,,1.0,0.0,"{'PRB': 0.0, 'Sig': nan}",1.060393791168278,0.0
6.37,1,100994.48242310609,10199885479.911085,,1.0,0.0,"{'PRB': 0.0, 'Sig': nan}",0.649992501892567,0.0
6.38,1,76561.92892025516,5861728959.990203,,1.0,0.0,"{'PRB': 0.0, 'Sig': nan}",1.3841309184410748,0.0
6.41,2,29099.092761176697,899656773.0886621,0.9786621386510199,0.9965981587523562,0.8862997345251808,"{'PRB': 0.01512862060031106, 'Sig': nan}",0.9472876033738573,0.008367246309584409
6.48,2,101642.30407288452,10610429913.506184,-0.45950863491168104,1.0138798517651866,4.553739953510267,"{'PRB': -0.10175075743570608, 'Sig': nan}",1.4457425009092797,0.06674913884166933
6.5,2,19230.64611680465,398442008.3335781,0.9367153147462828,0.9945521460017759,2.7416642766614245,"{'PRB': 0.09383714178022307, 'Sig': nan}",0.9480768034680381,0.025851476514652916
6.52,1,77637.48310597113,6027578783.029952,,1.0,0.0,"{'PRB': 0.0, 'Sig': nan}",0.7981515173158659,0.0
6.54,1,147843.40479547513,21857672341.51872,,1.0,0.0,"{'PRB': 0.0, 'Sig': nan}",1.5547749072802939,0.0
6.58,1,28907.402017503977,835637891.401593,,1.0,0.0,"{'PRB': 0.0, 'Sig': nan}",1.0610252705336987,0.0
6.6,1,78164.19299305556,6109641066.255636,,1.0,0.0,"{'PRB': 0.0, 'Sig': nan}",0.9048715729746373,0.0
6.64,2,112118.36166608805,12698992327.403984,-154709.57783386766,1.0017882611721323,4.188006271507703,"{'PRB': -0.6806493862819881, 'Sig': nan}",1.4112350617974503,0.05920830380160236
6.67,1,150914.91167877946,22775310567.013805,,1.0,0.0,"{'PRB': 0.0, 'Sig': nan}",1.6002667271083415,0.0
6.7,1,61274.930755134905,3754617139.0465775,,1.0,0.0,"{'PRB': 0.0, 'Sig': nan}",1.2333055940112265,0.0
6.71,1,4963.505054337322,24636382.42443214,,1.0,0.0,"{'PRB': 0.0, 'Sig': nan}",1.0069119248709595,0.0
6.74,1,77234.20680319692,5965122700.5189905,,1.0,0.0,"{'PRB': 0.0, 'Sig': nan}",0.871754295190631,0.0
6.81,1,142654.65089202928,20350349421.12675,,1.0,0.0,"{'PRB': 0.0, 'Sig': nan}",1.0822026852551179,0.0
6.82,1,23514.39164778177,552926614.565269,,1.0,0.0,"{'PRB': 0.0, 'Sig': nan}",0.942852773552878,0.0
6.85,1,24379.893028006773,594379184.0570532,,1.0,0.0,"{'PRB': 0.0, 'Sig': nan}",0.9271260687568146,0.0
6.92,1,11445.52459158731,131000033.17662984,,1.0,0.0,"{'PRB': 0.0, 'Sig': nan}",0.9567145254902578,0.0
6.94,1,52966.77184717794,2805478919.911001,,1.0,0.0,"{'PRB': 0.0, 'Sig': nan}",1.1352123682079354,0.0
6.98,1,153341.97284142624,23513760634.9007,,1.0,0.0,"{'PRB': 0.0, 'Sig': nan}",0.3982789557983213,0.0
7.0,4,65766.23352341205,6695052558.704906,-1.706090996146441,1.0055688952767683,13.11229704674847,"{'PRB': -0.29705575958814967, 'Sig': 0.6857645527660516}",1.2252298997670918,0.1552273770074225
7.01,1,217727.44827115547,47405241730.668686,,1.0,0.0,"{'PRB': 0.0, 'Sig': nan}",1.454280695860641,0.0
7.08,1,37995.775060670916,1443678922.461102,,1.0,0.0,"{'PRB': 0.0, 'Sig': nan}",1.1416805312539284,0.0
7.1,1,44771.38660164943,2004477058.234354,,1.0,0.0,"{'PRB': 0.0, 'Sig': nan}",0.8212871674990375,0.0
7.19,1,8136.344348528597,66200099.35783324,,1.0,0.0,"{'PRB': 0.0, 'Sig': nan}",0.9796655619819887,0.0
7.25,1,72988.04103098548,5327254133.54082,,1.0,0.0,"{'PRB': 0.0, 'Sig': nan}",1.1548062428583146,0.0
7.29,1,38448.81872540031,1478311661.3786938,,1.0,0.0,"{'PRB': 0.0, 'Sig': nan}",1.097672306230372,0.0
7.34,1,89713.33219869417,8048481974.193256,,1.0,0.0,"{'PRB': 0.0, 'Sig': nan}",1.2592648565908764,0.0
7.36,1,71343.43907038076,5089886298.389132,,1.0,0.0,"{'PRB': 0.0, 'Sig': nan}",1.2626855419978487,0.0
7.39,1,60391.788104425534,3647168070.4498334,,1.0,0.0,"{'PRB': 0.0, 'Sig': nan}",1.208752718202851,0.0
7.46,1,107287.12114687538,11510526363.984314,,1.0,0.0,"{'PRB': 0.0, 'Sig': nan}",0.6184832975572914,0.0
7.5,1,96977.6659669634,9404667696.399931,,1.0,0.0,"{'PRB': 0.0, 'Sig': nan}",1.2655777576637408,0.0
7.53,1,21784.407443304663,474560407.6559076,,1.0,0.0,"{'PRB': 0.0, 'Sig': nan}",1.0510098702695734,0.0
7.59,1,103304.61782982561,10671844064.966324,,1.0,0.0,"{'PRB': 0.0, 'Sig': nan}",0.8019567746377401,0.0
7.66,1,127800.65886334522,16333008405.905138,,1.0,0.0,"{'PRB': 0.0, 'Sig': nan}",1.346639779897718,0.0
7.84,1,105191.66149527323,11065285648.13615,,1.0,0.0,"{'PRB': 0.0, 'Sig': nan}",0.8060710308888509,0.0
7.86,1,21279.51840045664,452817903.3553727,,1.0,0.0,"{'PRB': 0.0, 'Sig': nan}",0.9681180649956521,0.0
7.93,1,31345.04077059182,982511580.9100634,,1.0,0.0,"{'PRB': 0.0, 'Sig': nan}",1.0911882367149304,0.0
7.94,1,5770.869919270859,33302939.625145253,,1.0,0.0,"{'PRB': 0.0, 'Sig': nan}",1.0212688134471237,0.0
7.98,1,230594.9959721613,53174052167.401085,,1.0,0.0,"{'PRB': 0.0, 'Sig': nan}",1.4222554980862296,0.0
8.0,1,96843.00657182245,9378567921.870047,,1.0,0.0,"{'PRB': 0.0, 'Sig': nan}",0.730785255355242,0.0
8.08,2,17993.15478600077,469397866.7234726,0.3781785354064484,0.996733973362225,5.499392490377635,"{'PRB': 0.638996021517951, 'Sig': nan}",0.9304136780908591,0.050999986830985555
8.23,1,14262.96780552977,203432250.6215787,,1.0,0.0,"{'PRB': 0.0, 'Sig': nan}",0.9647641743046239,0.0
8.29,1,26101.662298131618,681296774.7257055,,1.0,0.0,"{'PRB': 0.0, 'Sig': nan}",0.9608664078213901,0.0
8.59,1,487451.4047239799,237608871967.38123,,1.0,0.0,"{'PRB': 0.0, 'Sig': nan}",3.30093148910139,0.0
8.62,1,60171.32135068998,3620587913.0879993,,1.0,0.0,"{'PRB': 0.0, 'Sig': nan}",0.9253679152613331,0.0
8.67,1,8348.087676590658,69690567.85604481,,1.0,0.0,"{'PRB': 0.0, 'Sig': nan}",1.019127866064341,0.0
8.7,1,53383.18521674565,2849764463.8853717,,1.0,0.0,"{'PRB': 0.0, 'Sig': nan}",0.8644547021341492,0.0
8.83,1,69185.86512482614,4786683933.070635,,1.0,0.0,"{'PRB': 0.0, 'Sig': nan}",1.2213118137380783,0.0
8.99,1,51981.81891317933,2702109497.5225687,,1.0,0.0,"{'PRB': 0.0, 'Sig': nan}",1.2136635601489778,0.0
9.0,1,41052.92408347217,1685342575.8033295,,1.0,0.0,"{'PRB': 0.0, 'Sig': nan}",0.8985856568055232,0.0
9.08,1,43061.40078098304,1854284237.2204463,,1.0,0.0,"{'PRB': 0.0, 'Sig': nan}",0.8734773536467042,0.0
9.09,1,6344.415587395983,40251609.145593114,,1.0,0.0,"{'PRB': 0.0, 'Sig': nan}",0.9648525218796559,0.0
9.1,1,20790.56266959515,432247496.11836344,,1.0,0.0,"{'PRB': 0.0, 'Sig': nan}",1.094468447037977,0.0
9.21,1,34978.18639960437,1223473523.805468,,1.0,0.0,"{'PRB': 0.0, 'Sig': nan}",1.1055687698331316,0.0
9.23,1,15726.481017167913,247322205.1833427,,1.0,0.0,"{'PRB': 0.0, 'Sig': nan}",0.926166575889918,0.0
9.34,1,83253.37501326576,6931124451.099463,,1.0,0.0,"{'PRB': 0.0, 'Sig': nan}",1.3139863954830449,0.0
9.45,1,145871.43968120485,21278476914.667385,,1.0,0.0,"{'PRB': 0.0, 'Sig': nan}",1.553166565788584,0.0
9.63,1,79707.9380649823,6353355390.571054,,1.0,0.0,"{'PRB': 0.0, 'Sig': nan}",1.2198978816465682,0.0
9.68,2,37635.98336913623,1958150797.0068505,0.575101014513274,1.0686075452432517,16.893786289648958,"{'PRB': -0.2926716236025514, 'Sig': nan}",1.0838217121480715,0.1956604640674528
9.7,1,193159.44692123478,37310571934.91731,,1.0,0.0,"{'PRB': 0.0, 'Sig': nan}",1.5094652521009921,0.0
9.76,1,71468.46648181224,5107741701.26192,,1.0,0.0,"{'PRB': 0.0, 'Sig': nan}",0.8638531116712037,0.0
9.8,1,40666.014002331416,1653724694.8378148,,1.0,0.0,"{'PRB': 0.0, 'Sig': nan}",1.1035027295929503,0.0
9.97,1,78206.57516201132,6116268398.571325,,1.0,0.0,"{'PRB': 0.0, 'Sig': nan}",0.8310856963705424,0.0
10.0,14,86185.75714525148,11522563579.236797,0.8723535982880026,1.0027289392216883,19.52693021877295,"{'PRB': -0.009193159186984191, 'Sig': 0.9312776139327645}",1.1227800930791476,0.22248124677996367
10.02,1,2430.0079154259583,5904938.469032812,,1.0,0.0,"{'PRB': 0.0, 'Sig': nan}",0.9906694267607253,0.0
10.03,1,58153.379241715185,3381815517.2307506,,1.0,0.0,"{'PRB': 0.0, 'Sig': nan}",1.1810178980484636,0.0
10.07,1,42088.120078936074,1771409851.7789419,,1.0,0.0,"{'PRB': 0.0, 'Sig': nan}",0.8329127843358848,0.0
10.1,1,54913.24090913974,3015464027.1452184,,1.0,0.0,"{'PRB': 0.0, 'Sig': nan}",1.1844392600778664,0.0
10.11,2,82611.17585312476,6866237187.263414,-122066437.8827882,1.0000554712748342,0.7443749280563003,"{'PRB': -0.692400447624015, 'Sig': nan}",1.095296984203028,0.008153568401910172
10.16,1,122671.81767791873,15048374852.404535,,1.0,0.0,"{'PRB': 0.0, 'Sig': nan}",0.5508909203521175,0.0
10.2,1,38171.406214257644,1457056252.373867,,1.0,0.0,"{'PRB': 0.0, 'Sig': nan}",1.0881095638213194,0.0
10.29,1,82356.4422653187,6782583582.600774,,1.0,0.0,"{'PRB': 0.0, 'Sig': nan}",1.1743209099982888,0.0
10.46,1,300813.4371163802,90488723949.77043,,1.0,0.0,"{'PRB': 0.0, 'Sig': nan}",1.793743707665441,0.0
10.5,1,27471.161135408358,754664694.1275706,,1.0,0.0,"{'PRB': 0.0, 'Sig': nan}",0.7130234743608976,0.0
10.67,1,164946.36683042458,27207303930.55699,,1.0,0.0,"{'PRB': 0.0, 'Sig': nan}",1.6456088444142278,0.0
10.68,1,90830.5234493002,8250183990.073874,,1.0,0.0,"{'PRB': 0.0, 'Sig': nan}",1.147046463365175,0.0
10.75,1,194383.29931172647,37784867051.31224,,1.0,0.0,"{'PRB': 0.0, 'Sig': nan}",0.7062890229631306,0.0
10.86,1,272893.3722214645,74470792602.40279,,1.0,0.0,"{'PRB': 0.0, 'Sig': nan}",1.633276961175761,0.0
10.99,1,53096.36306283111,2819223770.4999757,,1.0,0.0,"{'PRB': 0.0, 'Sig': nan}",0.9142427696046848,0.0
11.14,1,39842.345980549,1587412533.233769,,1.0,0.0,"{'PRB': 0.0, 'Sig': nan}",0.921380034020159,0.0
11.3,1,10066.612465675571,101336686.5340948,,1.0,0.0,"{'PRB': 0.0, 'Sig': nan}",0.9854114806608522,0.0
11.69,1,27749.992602631275,770062089.4460905,,1.0,0.0,"{'PRB': 0.0, 'Sig': nan}",0.9183148625573302,0.0
11.96,1,56239.59259540783,3162891775.297451,,1.0,0.0,"{'PRB': 0.0, 'Sig': nan}",1.281215669152759,0.0
12.0,1,27014.348995610606,729775051.6566478,,1.0,0.0,"{'PRB': 0.0, 'Sig': nan}",1.176662921559002,0.0
12.05,1,39329.82347846648,1546835014.8473334,,1.0,0.0,"{'PRB': 0.0, 'Sig': nan}",0.7711317531575526,0.0
12.2,1,19508.20143315231,380569923.1564458,,1.0,0.0,"{'PRB': 0.0, 'Sig': nan}",1.0387584422889,0.0
12.37,1,11297.94459708035,127643552.11869708,,1.0,0.0,"{'PRB': 0.0, 'Sig': nan}",0.976186625586936,0.0
12.64,1,22100.614827319805,488437175.745548,,1.0,0.0,"{'PRB': 0.0, 'Sig': nan}",1.0504411666402533,0.0
12.75,1,26848.383967450703,720835721.663664,,1.0,0.0,"{'PRB': 0.0, 'Sig': nan}",0.9419271380783049,0.0
12.85,1,52904.97995788313,2798936904.3440156,,1.0,0.0,"{'PRB': 0.0, 'Sig': nan}",0.8774539165561399,0.0
12.97,2,48069.33799280602,4079501571.32825,-0.36922994383503505,1.0366523784642354,13.76510308351369,"{'PRB': -0.3631453482431844, 'Sig': nan}",1.1052351402113698,0.1577129303379347
13.01,1,3539489.68253425,12527987212766.406,,1.0,0.0,"{'PRB': 0.0, 'Sig': nan}",6.214100772263803,0.0
13.14,1,287886.644836334,82878720275.1215,,1.0,0.0,"{'PRB': 0.0, 'Sig': nan}",2.057553915162456,0.0
14.0,1,84892.33002785564,7206707697.558361,,1.0,0.0,"{'PRB': 0.0, 'Sig': nan}",1.2710321515489655,0.0
15.0,1,67287.60911557847,4527622340.490878,,1.0,0.0,"{'PRB': 0.0, 'Sig': nan}",1.1621714894708077,0.0
15.86,1,124544.31654361484,15511286783.316133,,1.0,0.0,"{'PRB': 0.0, 'Sig': nan}",0.8611716817353534,0.0
16.1,1,510947.95506332273,261067812783.39127,,1.0,0.0,"{'PRB': 0.0, 'Sig': nan}",5.309540674135762,0.0
16.12,1,24246.793566573935,587906998.2600511,,1.0,0.0,"{'PRB': 0.0, 'Sig': nan}",1.0879404877908505,0.0
17.18,1,181031.92422230262,32772557587.62952,,1.0,0.0,"{'PRB': 0.0, 'Sig': nan}",1.202084913067201,0.0
17.33,1,324028.81877868983,104994675399.11302,,1.0,0.0,"{'PRB': 0.0, 'Sig': nan}",1.456611952351517,0.0
18.6,1,96467.33363432172,9305946458.51554,,1.0,0.0,"{'PRB': 0.0, 'Sig': nan}",1.6357716894121785,0.0
20.0,2,33468.86890890781,1179223546.8011684,0.9881354434042626,1.0239797599252318,5.028848523268512,"{'PRB': -0.0690878655981924, 'Sig': nan}",0.9897379391899749,0.050965952463386255
20.66,1,34894.565509906155,1217630702.125132,,1.0,0.0,"{'PRB': 0.0, 'Sig': nan}",1.1764254742741411,0.0
20.68,1,502936.57902305806,252945202519.41672,,1.0,0.0,"{'PRB': 0.0, 'Sig': nan}",1.6936172058527854,0.0
21.0,1,242247.6244052298,58683911529.977295,,1.0,0.0,"{'PRB': 0.0, 'Sig': nan}",1.6623286761705174,0.0
21.04,1,3690.6479469369515,13620882.268229935,,1.0,0.0,"{'PRB': 0.0, 'Sig': nan}",1.0368091736630756,0.0
21.69,1,88376.38206798083,7810384907.425723,,1.0,0.0,"{'PRB': 0.0, 'Sig': nan}",1.2735419694678403,0.0
29.8,1,43042.32206873392,1852641489.068619,,1.0,0.0,"{'PRB': 0.0, 'Sig': nan}",1.1226935269730876,0.0
30.92,1,328775.353301001,108093232938.19804,,1.0,0.0,"{'PRB': 0.0, 'Sig': nan}",1.457336449534042,0.0
32.76,1,85582.86227944639,7324426315.942687,,1.0,0.0,"{'PRB': 0.0, 'Sig': nan}",1.2574508062690384,0.0
33.53,1,151760.12682931928,23031136095.251076,,1.0,0.0,"{'PRB': 0.0, 'Sig': nan}",0.526458623590348,0.0
160.0,1,1331960.611917807,1774119071700.459,,1.0,0.0,"{'PRB': 0.0, 'Sig': nan}",6.478244628144816,0.0
