prop_id,sale_ratio,Market_Cluster_ID,Assessment_Val,landiness,imprv_det_quality_cd
1526,0.6838104065064341,HSBUI,362349.99999999994,1.818554714160672,1.0
1927,0.6465566330252999,High_Springs_Main,266796.0,2.0475579003883118,1.0
2343,0.5983941057936796,High_Springs_Main,361486.0,1.3874898930262904,1.0
3242,0.6654806386065644,High_Springs_Main,276794.0,0.6061849047202239,1.0
3397,0.6657624539101226,High_Springs_Main,394693.0,0.28288628886943784,1.15
3584,0.673896453951235,High_Springs_Main,195388.0,0.3098278401903367,1.0
3766,0.5690337586101184,High_Springs_Main,219287.0,0.3098278401903367,1.0
3821,0.6327227344122034,High_Springs_Main,241388.00000000003,0.3098278401903367,1.0
4176,0.6118239103597266,High_Springs_Main,302707.0,0.673538783022471,1.0
5140,0.6899536203980209,High_Springs_Main,209162.0,0.4041232698134826,1.0
5243,0.6864039861376954,High_Springs_Main,373717.0,1.3605483417053914,1.0
5330,0.6849674259062292,High_Springs_Main,411700.99999999994,1.4817853226494364,1.0
5368,0.6732148275143509,High_Springs_Main,373820.0,0.5388310264179769,1.0
5968,0.5582203662171313,HSBUI,220375.0,1.347077566044942,1.0
6103,0.6764316043617229,HSBUI,266584.0,1.697317733216627,1.0
8251,0.6547833859925674,swNewberry_A,228998.99999999997,2.694155132089884,1.0
8547,0.6707466424147487,swNewberry_A,225452.99999999997,0.5523018020784262,1.0
8648,0.6894973175209149,swNewberry_A,192706.0,0.24247396188808953,1.0
8734,0.6730646519377056,swNewberry_A,209311.0,0.28288628886943784,1.0
12210,0.6850234999004301,Alachua_Main,335481.0,1.4144314443471893,1.0
12254,0.6868054030669699,Alachua_Main,433344.0,1.4144314443471893,1.0
12259,0.6734123056907599,Alachua_Main,413215.0,1.4144314443471893,1.0
12689,0.6802898583866773,Alachua_Main,364962.0,0.25594473754853897,1.0
12691,0.658406171020513,Alachua_Main,366149.0,0.28288628886943784,1.0
13226,0.6404260858380831,Alachua_Main,331047.0,2.694155132089884,1.0
13979,0.6400635126614105,Alachua_Main,206412.0,0.41759404547393203,1.0
14170,0.6374274026772528,Alachua_Main,173275.0,0.28288628886943784,1.0
14875,0.5902605561914476,Alachua_Main,192967.0,0.3098278401903367,1.0
14923,0.6771225986806816,Alachua_Main,433763.0,0.5657725777388757,1.0
14943,0.6722679025739728,Alachua_Main,409398.0,0.45800637245528036,1.0
14965,0.6897160649190489,Alachua_Main,409860.0,0.5792433533993251,1.0
15558,0.6828993103456751,Alachua_Main,249738.0,0.29635706452988725,1.0
17384,0.6753032909542328,HSBUI,649318.0,2.6806843564294347,1.15
17624,0.6658896445173625,HSBUI,236842.99999999997,2.2630903109555027,1.0
19383,0.6837526672444832,HSBUI,574098.0,1.347077566044942,1.15
21370,0.6548353157937854,Real_Tioga,1162217.0,0.6061849047202239,1.15
21605,0.6433632791017756,HSBUI,261725.0,1.4279022200076388,1.0
21614,0.6825606615787091,HSBUI,284305.0,1.3605483417053914,1.0
21761,0.6906033051475404,swNewberry_B,600223.0,0.45800637245528036,1.15
21929,0.658992496376333,HSBUI,290957.0,1.7512008358584246,1.0
22793,0.6761549942057481,Tioga_B,1571066.0,2.195736432653255,1.7
23143,0.6672670108876423,HSBUI,179569.0,1.3874898930262904,1.0
23144,0.6054727340942312,HSBUI,235115.00000000003,1.3874898930262904,1.0
23446,0.5911595454013306,HSBUI,308087.0,2.694155132089884,1.0
23932,0.6241504829935643,HighSprings_B,288700.0,1.6703761818957281,1.0
25320,0.6892970881237904,Archer,139428.0,0.3637109428321344,1.0
29580,0.6751744607370512,Alachua_Main,215878.0,0.6870095586829205,1.0
29751,0.6588483459597887,Turkey_Creek,209286.0,0.3098278401903367,1.0
31679,0.6695959319904446,Springtree_B,188958.0,0.3367693915112355,1.0
32376,0.6869413649617284,Springtree_B,245216.0,0.32329861585078606,1.0
32489,0.6307839000212421,Springtree_B,222819.0,0.3367693915112355,1.0
33748,0.6729294784445695,West_Outer_Gainesville,318953.0,0.28288628886943784,1.0
33780,0.6898571043871436,West_Outer_Gainesville,298288.0,0.26941551320898843,1.0
34071,0.6764229636747696,Gainesvilleish_Region,287470.0,0.9025419692501112,1.0
34218,0.6837136019679424,Gainesvilleish_Region,350369.0,0.8756004179292123,1.0
35376,0.6785913527031299,HaileLike,295230.0,0.28288628886943784,1.0
36860,0.6695857138400456,Springtree_B,240646.99999999997,0.5253602507575275,1.0
36908,0.6851943198843777,Springtree_B,276541.0,0.45800637245528036,1.0
37376,0.6863642381680037,Springtree_B,245194.0,0.3367693915112355,1.0
38608,0.6389749999050212,Springtree_B,195045.0,0.35024016717168494,1.0
38624,0.6695358551253208,Springtree_B,256715.0,0.35024016717168494,1.0
38636,0.6789251848568926,Springtree_B,207505.0,0.4041232698134826,1.0
38648,0.6225971004511224,Springtree_B,281350.0,0.45800637245528036,1.0
38677,0.6431243128700891,Springtree_B,200821.0,0.3771817184925838,1.0
38680,0.646801420217092,Springtree_B,266191.0,0.4445355967948309,1.0
39060,0.6452445816820299,Springtree_B,215795.0,0.32329861585078606,1.0
39075,0.6786349397222962,Springtree_B,210403.0,0.3098278401903367,1.0
39112,0.6815712777472479,Springtree_B,218165.0,0.32329861585078606,1.0
39156,0.6236287141108998,Springtree_B,238058.0,0.32329861585078606,1.0
39193,0.6014271492706873,Springtree_B,245617.0,0.32329861585078606,1.0
39202,0.6896631734729792,Springtree_B,226234.99999999997,0.4041232698134826,1.0
39204,0.6820041319631608,Springtree_B,246267.00000000003,0.41759404547393203,1.0
39213,0.6118399698126985,Springtree_B,204343.0,0.32329861585078606,1.0
39230,0.662153775872235,Springtree_B,186501.0,0.3367693915112355,1.0
39256,0.6720992189877532,Springtree_B,235754.0,0.4310648211343815,1.0
39261,0.6845949029354198,Springtree_B,249826.0,0.4445355967948309,1.0
39960,0.6561499774152469,MidtownEast_B,224860.99999999997,0.32329861585078606,1.0
40253,0.6599585548939048,Springtree_B,338154.0,0.09429542962314595,1.0
41549,0.6620906506389576,West_Outer_Gainesville,292569.0,0.45800637245528036,1.0
42096,0.6513416889641325,Gainesvilleish_Region,204625.0,0.45800637245528036,1.0
42100,0.6601296478395916,Gainesvilleish_Region,192400.0,0.3098278401903367,1.0
42585,0.6822066897491571,Thornebrooke,264935.0,0.4310648211343815,1.0
42839,0.644133532578484,Thornebrooke,287774.0,0.48494792377617907,1.0
43843,0.6504222683969643,Gainesvilleish_Region,304742.0,0.10776620528359537,1.0
43852,0.6673436912527071,Gainesvilleish_Region,312868.0,0.10776620528359537,1.15
44168,0.6699914063818216,Gainesvilleish_Region,1095705.0,1.347077566044942,1.4
45577,0.6422793589459322,Thornebrooke,558975.0,1.926320919444267,1.0
46264,0.6526208840657516,HighSpringsAGNV,396976.0,0.13470775660449422,1.15
46349,0.6762210566001424,HighSpringsAGNV,385108.0,0.49841869943662853,1.0
46399,0.6826537437392568,HighSpringsAGNV,285989.0,0.45800637245528036,1.0
46436,0.6794802819603774,HighSpringsAGNV,410811.0,0.47147714811572966,1.0
46475,0.6604959187369361,HighSpringsAGNV,350598.0,0.47147714811572966,1.0
46590,0.6451169265975408,HighSpringsAGNV,396640.0,0.47147714811572966,1.0
46681,0.6710307918629173,HighSpringsAGNV,252410.0,0.3771817184925838,1.0
46924,0.6851936431054537,HighSpringsAGNV,234390.0,0.3098278401903367,1.0
47151,0.6436757462996222,HighSpringsAGNV,259791.0,0.39065249415303316,1.0
47323,0.6569655817360514,HighSpringsAGNV,210867.0,0.3098278401903367,1.0
47447,0.6829528563430443,HighSpringsAGNV,395110.0,0.3771817184925838,1.0
47757,0.6518982603766742,West_Outer_Gainesville,491688.0,0.5792433533993251,1.0
47799,0.6405104334501,West_Outer_Gainesville,433273.0,0.48494792377617907,1.0
47802,0.6865264517335924,West_Outer_Gainesville,387419.0,0.48494792377617907,1.0
48141,0.6869126812786559,MidtownEast_B,747797.0,0.8217173152874147,1.15
48144,0.6566304484493539,MidtownEast_B,586644.0,1.6164930792539305,1.15
48208,0.660880108089702,MidtownEast_B,588232.0,1.1719574824590995,1.15
48226,0.6018087771151961,MidtownEast_B,751714.0,1.320136014724043,1.15
48263,0.6915137416523183,MidtownEast_B,589637.0,0.48494792377617907,1.0
48343,0.6408372565766948,MidtownEast_B,518800.0,0.4445355967948309,1.0
48443,0.6478376330877212,MidtownEast_B,327252.0,0.39065249415303316,1.0
48444,0.6706848767443558,MidtownEast_B,298992.0,0.39065249415303316,1.0
48495,0.6886212899650176,MidtownEast_B,421363.0,0.5792433533993251,1.0
48538,0.6770364970735123,MidtownEast_B,533813.0,0.45800637245528036,1.0
48666,0.5355457998476817,EastMidtownEastA,183855.0,0.29635706452988725,0.9
48867,0.6396311933063936,Golfview,475965.0,0.5523018020784262,1.0
48934,0.6496949153562739,MidtownEast_B,547999.0,0.41759404547393203,1.15
48938,0.6707651531772443,MidtownEast_B,498045.0,0.6600680073620215,1.15
49193,0.6435030070295837,HighSpringsAGNV,207390.0,0.3637109428321344,1.0
49347,0.6735390137468422,HighSpringsAGNV,207285.0,0.32329861585078606,1.0
49353,0.6402433560690585,HighSpringsAGNV,259020.99999999997,0.32329861585078606,1.0
49396,0.6366344292514208,HighSpringsAGNV,269770.0,0.35024016717168494,1.0
49412,0.5531776018148524,HighSpringsAGNV,283795.0,0.35024016717168494,1.0
50070,0.6864226544138469,HighSpringsAGNV,470566.99999999994,0.41759404547393203,1.0
50171,0.6153541934748142,HighSpringsAGNV,413173.0,0.45800637245528036,1.0
50200,0.6751850488786111,HighSpringsAGNV,361215.0,0.4041232698134826,1.0
50331,0.6335481341230045,HighSpringsAGNV,377592.0,0.8217173152874147,1.0
50534,0.6147544023121669,HighSpringsAGNV,532636.0,2.572918151145839,1.0
50597,0.6898169692713476,HighSpringsAGNV,263123.0,0.49841869943662853,1.0
50607,0.6797331604552435,HighSpringsAGNV,250153.99999999997,0.6196556803806734,1.0
52817,0.6652726174882037,Gainesvilleish_Region,288105.0,0.49841869943662853,1.0
53086,0.67858996852607,Gainesvilleish_Region,436683.0,1.4144314443471893,1.0
53213,0.6740307398742418,Gainesvilleish_Region,376856.0,1.3336067903844926,1.0
53409,0.6714797516664193,Gainesvilleish_Region,363084.0,2.1283825543510084,1.0
53447,0.5622025300880417,Gainesvilleish_Region,716953.0,1.0911328284964033,1.15
58016,0.6838521023272378,Gainesvilleish_Region,695296.0,0.32329861585078606,1.15
58127,0.6626424293314531,HaileLike,415485.0,1.818554714160672,1.0
58891,0.6655296628286633,HighSprings_F,238785.0,0.3637109428321344,1.0
59638,0.6605218202666359,HighSprings_F,242702.0,0.14817853226494362,1.0
59825,0.673116967627073,HaileLike,644117.0,0.9564250718919088,1.15
59837,0.6910193334141432,HaileLike,558247.0,0.8486588666083135,1.15
60175,0.6533181710169936,HaileLike,432624.0,0.14817853226494362,1.15
60344,0.6864865632520453,HaileLike,464191.99999999994,0.4445355967948309,1.0
60846,0.6899574928935536,HaileLike,586590.0,0.6870095586829205,1.15
60894,0.6072622628954879,HaileLike,1056178.0,0.7274218856642688,1.4
60903,0.6721372774190674,HaileLike,829880.0,0.6870095586829205,1.4
61029,0.5767636577977322,HaileLike,389549.0,0.08082465396269652,1.0
61460,0.6383078752911613,HaileLike,1363736.0,1.320136014724043,1.4
63007,0.6786161826329966,Gainesvilleish_Region,158094.0,0.1885908592462919,1.0
63624,0.6851263079676604,HighSprings_B,392225.99999999994,0.10776620528359537,1.0
65537,0.585471651388035,HighSprings_A,370860.0,0.7274218856642688,1.0
66043,0.6410492821945426,HighSprings_A,293250.0,0.7813049883060663,1.0
66141,0.6633570434361956,HighSprings_A,263845.0,0.39065249415303316,1.0
66888,0.6735002488781614,HighSprings_A,640632.0,0.29635706452988725,1.15
67117,0.6842494298913339,HighSprings_A,279219.99999999994,0.4310648211343815,1.0
67148,0.6851290496555787,HighSprings_A,220109.0,0.8486588666083135,1.0
73504,0.6046711258085602,Springtree_B,201525.0,0.25594473754853897,1.0
74504,0.6655142045029585,Magnolia_Heights,141620.0,0.49841869943662853,1.0
74662,0.6632597134030253,Magnolia_Heights,138018.0,0.5792433533993251,0.9
74664,0.6823994536253197,Magnolia_Heights,191164.0,0.45800637245528036,1.0
75098,0.6660515150075039,West_of_Waldo_rd,196495.0,0.28288628886943784,1.0
75129,0.6758644282409729,West_of_Waldo_rd,180681.99999999997,0.28288628886943784,1.0
75155,0.664563397947044,West_of_Waldo_rd,178004.0,0.35024016717168494,1.0
76505,0.6911205879805811,West_of_Waldo_rd,165265.0,0.32329861585078606,1.0
76595,0.6296073408776048,West_of_Waldo_rd,314140.0,1.0911328284964033,1.0
76677,0.643003796343169,West_of_Waldo_rd,173105.0,0.45800637245528036,1.0
76686,0.6884992515242023,West_of_Waldo_rd,250989.0,0.3098278401903367,1.0
76784,0.6265942386522934,West_of_Waldo_rd,159082.0,0.16164930792539303,1.0
76808,0.6640933384148632,West_of_Waldo_rd,167004.0,0.2020616349067413,1.0
76819,0.45255190224210134,West_of_Waldo_rd,282880.0,0.26941551320898843,1.0
76858,0.6815711615884508,West_of_Waldo_rd,179976.0,0.3367693915112355,1.0
76974,0.6438333829132579,West_of_Waldo_rd,186330.0,0.24247396188808953,1.0
77023,0.6748461006466251,West_of_Waldo_rd,212729.0,0.29635706452988725,1.0
77046,0.6568483145322614,West_of_Waldo_rd,193300.0,0.28288628886943784,1.0
77114,0.6829341456141821,West_of_Waldo_rd,165565.0,0.28288628886943784,1.0
77146,0.6710861378674685,West_of_Waldo_rd,188450.0,0.26941551320898843,1.0
77147,0.5802793542666467,West_of_Waldo_rd,168951.99999999997,0.29635706452988725,1.0
77156,0.586097113023663,West_of_Waldo_rd,160434.0,0.1885908592462919,1.0
77170,0.6509073278355336,West_of_Waldo_rd,132004.0,0.1885908592462919,1.0
77173,0.6859325164433547,West_of_Waldo_rd,167838.0,0.22900318622764018,1.0
77217,0.6476495685682153,West_of_Waldo_rd,144515.0,0.22900318622764018,1.0
77478,0.6648803780768328,Springtree_B,150305.0,0.32329861585078606,1.0
77489,0.6545724945757939,Springtree_B,201453.0,0.24247396188808953,1.0
77605,0.6794181302656181,Springtree_B,200175.99999999997,0.32329861585078606,1.0
77707,0.678487788761042,Springtree_B,213035.0,0.39065249415303316,1.0
78692,0.6809271145174967,MidtownEast_B,423163.0,0.49841869943662853,1.0
78718,0.6282915038116552,MidtownEast_B,371468.0,0.45800637245528036,1.0
78732,0.6626332014722702,MidtownEast_B,360373.0,0.4041232698134826,1.0
78779,0.6315013841935183,MidtownEast_B,417611.0,0.9160127449105607,1.0
79113,0.6746258734068146,MidtownEast_B,445549.0,0.5118894750970779,1.0
79147,0.6062830167014772,MidtownEast_B,362890.0,0.47147714811572966,1.0
79152,0.6866552693104369,MidtownEast_B,400392.0,0.5388310264179769,1.0
79164,0.6001260814279133,MidtownEast_B,301561.0,0.3771817184925838,1.0
79169,0.6690331479980374,MidtownEast_B,479170.0,0.3637109428321344,1.0
79180,0.6580197176419713,MidtownEast_B,342632.0,0.3637109428321344,1.0
79430,0.63704813044877,MidtownEast_B,406921.0,1.3605483417053914,1.0
79549,0.5442068878254364,EastMidtownEastA,289841.0,0.3098278401903367,1.0
79614,0.6743320026273464,MidtownEast_B,343294.0,0.6331264560411227,1.0
79735,0.6816962456095822,West_of_Waldo_rd,167820.0,0.28288628886943784,1.0
79986,0.6704109013082097,MidtownEast_A,189935.0,0.21553241056719075,0.9
79997,0.6406232256065817,MidtownEast_A,183801.0,0.22900318622764018,0.9
80022,0.49715737732425963,MidtownEast_A,388947.0,0.3637109428321344,1.0
80750,0.66915954524661,MidtownEast_A,321721.0,1.0776620528359537,1.0
81262,0.6912771748376393,Duck_Pond,352376.0,0.16164930792539303,1.0
81266,0.5398765297586248,Duck_Pond,501701.99999999994,0.24247396188808953,1.0
81267,0.6804088115314078,Duck_Pond,236516.99999999997,0.24247396188808953,1.0
81448,0.6605854299857582,West_of_Waldo_rd,174884.99999999997,0.3098278401903367,1.0
81493,0.6787603458049626,West_of_Waldo_rd,200515.0,0.28288628886943784,1.0
81495,0.6648064489504169,West_of_Waldo_rd,219504.0,0.28288628886943784,1.0
81509,0.6836813631577532,West_of_Waldo_rd,189776.0,0.35024016717168494,1.0
81531,0.6680556045804656,MidtownEast_A,216580.0,0.35024016717168494,1.0
81557,0.6224516181336384,MidtownEast_A,261154.0,0.7813049883060663,1.0
81560,0.6489211266336369,West_of_Waldo_rd,299522.0,0.6061849047202239,1.0
81572,0.6045187018367304,West_of_Waldo_rd,200405.0,0.4445355967948309,1.0
81730,0.5939872756738835,West_of_Waldo_rd,228449.0,0.45800637245528036,1.0
81801,0.5816243188234455,West_of_Waldo_rd,170843.0,0.3367693915112355,1.0
81883,0.6417156826913462,West_of_Waldo_rd,247589.99999999997,0.45800637245528036,1.0
81892,0.644577554828782,West_of_Waldo_rd,249038.00000000003,0.28288628886943784,1.0
81913,0.6266997646735386,West_of_Waldo_rd,212624.99999999997,0.28288628886943784,1.0
82420,0.5671463319986609,MidtownEast_C,143320.0,0.12123698094404477,1.0
82562,0.6017188752306174,MidtownEast_C,166945.99999999997,0.3098278401903367,1.0
82983,0.5513324709566273,MidtownEast_C,151144.0,0.22900318622764018,1.0
83273,0.6535413788891635,Newmans_Lake,170662.0,0.32329861585078606,1.0
83275,0.5896069042026713,Newmans_Lake,204650.0,0.32329861585078606,1.0
83417,0.6329453894023367,Newmans_Lake,235632.99999999997,0.5388310264179769,1.0
83593,0.6901356676823983,Newmans_Lake,173438.0,0.4041232698134826,1.0
83898,0.6663952133825465,MidtownEast_C,148311.0,0.3771817184925838,1.0
84000,0.6628424430748928,MidtownEast_C,129821.0,0.21553241056719075,1.0
84878,0.6879446454880682,MidtownEast_C,140420.0,0.1885908592462919,1.0
85202,0.4852651211491759,MidtownEast_C,253913.99999999997,0.21553241056719075,1.0
85341,0.6921222078449366,West_of_Waldo_rd,246365.99999999997,0.39065249415303316,1.0
85349,0.6707438482604963,West_of_Waldo_rd,266374.0,0.41759404547393203,1.0
85353,0.5817407483657807,West_of_Waldo_rd,234275.0,0.29635706452988725,1.0
85402,0.5785448923117156,MidtownEast_A,332820.0,0.1885908592462919,1.0
85511,0.6585765186644714,MidtownEast_A,330882.0,0.26941551320898843,1.0
85532,0.6368409593776924,MidtownEast_A,326097.0,0.14817853226494362,1.0
85636,0.6522215965922349,Duck_Pond,345332.0,0.17512008358584247,1.0
85641,0.6869346001366431,Duck_Pond,607998.0,0.5927141290597745,1.15
85844,0.6611263310175817,Duck_Pond,226270.0,0.21553241056719075,1.0
86025,0.6433213969171959,West_of_Waldo_rd,206223.0,0.24247396188808953,1.0
86068,0.6266448239676268,West_of_Waldo_rd,315077.0,0.4041232698134826,1.0
86096,0.6776683030506675,Duck_Pond,291285.0,0.28288628886943784,1.0
86137,0.47491742177775337,Duck_Pond,428346.0,0.3367693915112355,1.0
86172,0.43395522722454166,MidtownEast_C,171494.0,0.1885908592462919,1.0
86173,0.37130667997803024,MidtownEast_C,180735.0,0.1885908592462919,1.0
86803,0.6772786756658239,MidtownEast_A,428969.0,0.1885908592462919,1.0
87125,0.4558496903929781,MidtownEast_A,352606.0,0.1885908592462919,1.0
87817,0.5434984729494553,MidtownEast_A,303203.0,0.32329861585078606,1.0
87823,0.6524982310605595,MidtownEast_A,217337.0,0.14817853226494362,1.0
87857,0.6891911984552792,MidtownEast_A,392577.0,0.21553241056719075,1.0
87864,0.6649304918324995,MidtownEast_A,257018.99999999997,0.1885908592462919,1.0
87866,0.6662267714950908,MidtownEast_A,255814.99999999997,0.10776620528359537,1.0
88109,0.5533266069148288,MidtownEast_A,255425.0,0.16164930792539303,1.0
88110,0.6224455608775223,MidtownEast_A,175275.99999999997,0.16164930792539303,1.0
88298,0.6672059979264993,MidtownEast_A,319025.0,0.05388310264179769,1.0
88432,0.6150145621996985,MidtownEast_A,254150.0,0.14817853226494362,1.0
88611,0.6917183457321101,MidtownEast_A,216155.0,0.16164930792539303,1.0
88655,0.6544481593886653,MidtownEast_A,415990.0,0.16420875530087845,1.15
88987,0.6896270602300792,MidtownEast_A,318149.99999999994,0.10776620528359537,1.15
89074,0.6041813721234723,EastMidtownEastA,458490.0,0.5253602507575275,1.0
89301,0.5327517222409123,EastMidtownEastA,475860.0,0.26941551320898843,1.0
89304,0.5697012730916746,EastMidtownEastA,458623.0,0.28288628886943784,1.0
89393,0.4328326066913943,EastMidtownEastA,463689.99999999994,0.25594473754853897,1.0
89467,0.6144758638142996,EastMidtownEastA,360000.0,0.22900318622764018,1.0
89480,0.5061617981978751,EastMidtownEastA,409470.0,0.35024016717168494,1.0
89487,0.6772134551909923,EastMidtownEastA,372134.0,0.5792433533993251,1.0
89583,0.6535457076718967,EastMidtownEastA,328720.0,0.16164930792539303,1.0
89605,0.537252198495781,EastMidtownEastA,581532.0,0.29635706452988725,1.0
89661,0.6848989804601352,EastMidtownEastA,331166.0,0.4041232698134826,1.0
89868,0.6731581699546639,EastMidtownEastA,420668.0,0.3637109428321344,1.0
90321,0.552349788640613,MidtownEast_A,450723.0,0.3367693915112355,1.15
90519,0.6283799631234697,MidtownEast_A,356514.0,0.4041232698134826,1.0
90643,0.5499235146057427,MidtownEast_A,654307.0,0.9294835205710099,1.0
91113,0.6636770558257027,MidtownEast_D,316147.0,1.1315451554777514,1.0
91644,0.6767636654640705,MidtownEast_C,177712.0,0.3098278401903367,1.0
92206,0.6809660640834538,MidtownEast_C,165447.0,0.25594473754853897,1.0
92225,0.5466135429857357,MidtownEast_C,150487.0,0.2020616349067413,1.0
92232,0.6517683802970082,MidtownEast_C,162378.0,0.24247396188808953,1.0
92249,0.6310934254199437,MidtownEast_C,127274.99999999999,0.1885908592462919,1.0
92296,0.4750746715010566,MidtownEast_C,191984.0,0.48494792377617907,1.0
92312,0.5240820310982378,MidtownEast_C,172128.0,0.2020616349067413,1.0
92322,0.5676640104155369,MidtownEast_C,166302.0,0.2020616349067413,1.0
92323,0.5097739517138188,MidtownEast_C,185334.0,0.25594473754853897,1.0
92363,0.6227396587243831,MidtownEast_C,175778.0,0.2020616349067413,1.0
92442,0.5726150772494947,MidtownEast_C,157201.0,0.24247396188808953,1.0
92531,0.6497004286451815,MidtownEast_C,145697.0,0.2020616349067413,1.0
92583,0.5283224935173042,MidtownEast_C,173488.0,0.2020616349067413,1.0
92597,0.5904802822813969,MidtownEast_C,171343.99999999997,0.21553241056719075,1.0
92602,0.6398160621878122,MidtownEast_C,177200.0,0.2020616349067413,1.0
92630,0.671064354877903,MidtownEast_C,172635.0,0.28288628886943784,1.0
92880,0.6287017309115875,Newmans_Lake,170315.0,0.41759404547393203,1.0
93641,0.6335975168613868,Newmans_Lake,182102.0,0.7274218856642688,1.0
93647,0.5899751395666264,Newmans_Lake,218848.0,0.4041232698134826,1.0
93661,0.6665454961286633,Newmans_Lake,178720.0,0.47147714811572966,1.0
93693,0.6504130975085864,Newmans_Lake,196762.0,0.5657725777388757,1.0
93825,0.6623856894640793,Newmans_Lake,141356.0,0.3098278401903367,1.0
93835,0.5816568773062853,Newmans_Lake,159793.0,0.3098278401903367,1.0
94899,0.6795031704744382,MidtownEast_D,160480.0,0.26941551320898843,1.0
94935,0.5855816184026768,MidtownEast_D,147720.0,0.5253602507575275,1.0
94986,0.6713657630365134,MidtownEast_D,230548.99999999997,1.603022303593481,1.0
94989,0.6908784655863933,MidtownEast_D,372573.0,0.6196556803806734,1.15
95004,0.502828264221309,MidtownEast_D,308167.0,1.347077566044942,1.0
95008,0.6149558833406348,MidtownEast_D,162359.0,1.3605483417053914,1.0
95263,0.6808053830066595,MidtownEast_D,686680.0,1.3874898930262904,1.15
95985,0.6613835098021433,WaldoRural_A,160458.0,0.48494792377617907,1.0
96383,0.6078511846937354,WaldoRural_A,141351.0,0.35024016717168494,1.0
96484,0.6443304170253971,WaldoRural_A,161652.0,0.9294835205710099,1.0
96603,0.5826128604202515,WaldoRural_A,178045.0,0.7947757639665157,1.0
96649,0.625337879196055,WaldoRural_A,128515.0,2.3169734135973004,1.0
97243,0.6551591187728345,HSBUI,243536.0,2.397798067559997,1.0
98099,0.6714822488640909,Newmans_Lake,198387.0,0.32329861585078606,1.0
98109,0.6012491542975344,Newmans_Lake,172544.0,0.3098278401903367,1.0
98131,0.6210014757791974,Newmans_Lake,164715.0,0.4041232698134826,1.0
98228,0.6707959107340513,Newmans_Lake,162846.0,0.5657725777388757,0.9
98290,0.6368603907462939,Newmans_Lake,485364.99999999994,1.7916131628397731,1.0
98293,0.5438462120356227,Newmans_Lake,492255.0,2.222677983974154,1.15
99726,0.6275882552556222,HSBUI,302630.0,1.4279022200076388,1.0
99732,0.5906613254856798,HSBUI,194303.0,1.495256098309886,1.0
99750,0.4107231006966161,HSBUI,492113.99999999994,0.47147714811572966,1.0
99817,0.2854550418018784,HSBUI,755242.0,0.7678342126456169,1.0
99818,0.5713138207183983,HSBUI,383109.99999999994,0.862129642268763,1.0
99828,0.5956445913661318,HSBUI,266656.0,0.7139511100038194,1.15
99913,0.2965653411117665,WaldoRural_A,452103.0,0.673538783022471,1.0
100710,0.24833392092975437,HSBUI,704443.0,0.9698958475523581,1.0
100718,0.4543426704188089,HSBUI,255270.0,0.32329861585078606,1.0
100721,0.47026926836932886,HSBUI,763139.0,0.8351880909478641,1.4
100727,0.531519075340654,HSBUI,397315.0,0.5657725777388757,1.0
100733,0.4290076942047046,HSBUI,549772.0,0.7408926613247182,1.0
100748,0.5931164535087703,HSBUI,749855.0,0.6600680073620215,1.4
100796,0.2626702015681694,HSBUI,485010.0,2.1553241056719075,1.0
100801,0.6576944277216661,HSBUI,244434.0,0.28288628886943784,1.0
100894,0.4940157031053736,HSBUI,599790.0,0.5657725777388757,1.15
100906,0.5458136009602405,HSBUI,259404.0,1.347077566044942,1.0
102588,0.6804356037621646,Hawthorne,194385.0,0.3367693915112355,1.0
103735,0.6419291714527019,Hawthorne,171654.99999999997,0.17512008358584247,1.0
103763,0.6189234902469962,Hawthorne,281904.0,0.7543634369851676,1.0
104197,0.5986176903166559,HSBUI,342136.0,1.5221976496307843,1.15
106531,0.6671596239325267,Tioga_B,1722054.0,1.347077566044942,1.7
106535,0.6539733589536649,Tioga_B,1130784.0,1.347077566044942,1.4
108564,0.5902805134955821,HighSprings_A,690074.0,0.08904182711557068,1.15
400259,0.44304624949245325,MidtownEast_A,239360.0,0.09429542962314595,1.0
504928,0.43931038039309883,HSBUI,342706.0,2.55944737548539,1.0
1416,1.279478390601245,High_Springs_Main,162826.0,1.441372995668088,1.0
1717,1.1339838735718215,High_Springs_Main,199789.99999999997,0.48494792377617907,1.0
2534,1.2541345406347273,High_Springs_Main,137850.0,0.6196556803806734,1.0
3033,1.6479055868211248,High_Springs_Main,76070.0,0.45800637245528036,1.0
3059,1.0774435729643217,High_Springs_Main,103835.0,0.45800637245528036,1.0
3074,2.0213088426834953,High_Springs_Main,60227.0,0.2020616349067413,1.0
3212,1.1340422172880136,High_Springs_Main,106665.0,0.29635706452988725,1.0
3246,1.2605037933835155,High_Springs_Main,120777.0,0.3098278401903367,0.9
3432,1.1674448833178388,High_Springs_Main,117960.99999999999,0.26941551320898843,1.0
3482,1.3934202569805187,High_Springs_Main,78115.0,0.45800637245528036,0.9
3547,1.1411642065982641,High_Springs_Main,183719.0,1.5491392009516831,1.0
3553,1.0882491608723937,High_Springs_Main,100661.0,0.45800637245528036,1.0
3586,1.4550750836227437,High_Springs_Main,119255.0,0.26941551320898843,1.0
4054,1.0873165360765438,High_Springs_Main,246816.0,2.2092072083137047,1.15
4181,1.1277065790663656,High_Springs_Main,176519.0,0.41759404547393203,1.0
4309,1.233386076231038,High_Springs_Main,140879.0,0.48494792377617907,1.0
4345,1.091457505966439,High_Springs_Main,187157.0,0.3367693915112355,1.0
4368,1.1023889589701725,High_Springs_Main,182269.0,0.3367693915112355,1.0
5681,1.1684201474505274,HSBUI,61528.0,2.694155132089884,0.9
7446,1.0824842284826686,swNewberry_A,208006.0,1.4817853226494364,1.0
7745,1.0851496889491707,swNewberry_A,194188.0,0.22900318622764018,1.0
8066,1.1923306103123166,swNewberry_A,252730.0,0.3637109428321344,1.0
8402,1.1596553350888936,swNewberry_A,265368.0,0.24247396188808953,1.0
8407,1.0953643425262845,swNewberry_A,298072.99999999994,0.24247396188808953,1.0
8421,1.157311797789429,swNewberry_A,300588.0,0.25594473754853897,1.0
8429,1.2120105226842262,swNewberry_A,323693.0,0.24247396188808953,1.0
8749,1.0980250533213998,swNewberry_A,126686.0,0.32329861585078606,1.0
8894,1.23654878245068,swNewberry_A,65815.0,0.3098278401903367,0.9
8948,1.2953084740570697,swNewberry_A,173052.0,0.5927141290597745,1.0
9031,1.0876169772035855,swNewberry_A,160530.0,0.3771817184925838,1.0
9064,1.0698004134451267,swNewberry_A,237766.0,0.32329861585078606,1.0
9135,1.1235996461034756,swNewberry_A,61875.0,0.6465972317015721,0.9
9289,1.2911224903411003,swNewberry_A,82110.0,0.7543634369851676,0.9
10490,1.075424656070108,swNewberry_A,266074.0,1.1046036041568523,1.0
11560,1.079764940752679,HSBUI,154106.0,1.495256098309886,1.0
13549,1.1087386815884628,Alachua_Main,182335.0,2.694155132089884,1.0
13693,1.1135265624525474,Alachua_Main,170469.0,0.24247396188808953,1.0
13894,1.7801395588006814,Alachua_Main,52646.0,0.5253602507575275,1.0
13966,2.936048324223257,Alachua_Main,31705.0,0.17512008358584247,1.0
14073,1.338429557124792,Alachua_Main,178562.0,0.6600680073620215,1.0
14159,1.1698994775501943,Alachua_Main,102311.0,0.35024016717168494,0.9
14177,1.1433538978325766,Alachua_Main,86263.0,0.13470775660449422,1.0
14318,1.4182507523673584,Alachua_Main,69166.0,0.39065249415303316,0.9
14426,2.4269596581669637,Alachua_Main,36465.0,0.14817853226494362,1.0
14435,1.5825285516317895,Alachua_Main,51510.0,0.14817853226494362,1.0
14660,1.7380457837497068,Alachua_Main,88682.0,0.5118894750970779,1.0
14750,1.6461165226488308,Alachua_Main,127597.99999999999,0.9294835205710099,1.0
14763,1.5885002451507368,Alachua_Main,50009.99999999999,0.3367693915112355,1.0
14789,1.1292045982087988,Alachua_Main,136192.0,0.6196556803806734,1.0
14795,1.1537628971394571,Alachua_Main,139160.0,0.3098278401903367,1.0
14802,1.0789027188927636,Alachua_Main,99225.0,0.6196556803806734,0.9
14816,1.1075823279744337,Alachua_Main,110482.0,0.21553241056719075,1.0
14835,1.0818594826489945,Alachua_Main,122983.99999999999,0.39065249415303316,1.0
14995,1.145864891036273,Alachua_Main,159629.0,1.4817853226494364,1.0
18328,1.4149794933902835,Gainesvilleish_Region,182308.99999999997,0.25594473754853897,1.0
20396,1.0693014978645305,swNewberry_B,307037.0,0.32329861585078606,1.15
20493,1.1453100872866315,Gainesvilleish_Region,254017.0,0.3367693915112355,1.15
20699,1.1576343100925124,Gainesvilleish_Region,335112.0,0.47147714811572966,1.15
20918,1.1587502164057475,Tioga_A,230140.0,0.7813049883060663,1.0
20921,1.2268517952649072,Tioga_A,245753.0,1.8859085924629186,1.0
21045,1.2447993981338967,Real_Tioga,422236.0,0.3771817184925838,1.15
21638,1.2830070533984723,HighSprings_B,150379.0,1.441372995668088,1.0
21653,1.127649800474289,HighSprings_B,132029.0,1.2662529120822454,1.0
22455,1.3974920339480807,swNewberry_B,97061.99999999999,1.347077566044942,0.9
22824,1.122293583912149,Tioga_B,279474.99999999994,1.9802040220860648,1.0
23993,1.2052466164876863,HighSprings_B,149673.0,1.8859085924629186,1.0
24079,1.111770884726155,HighSprings_B,121787.0,1.3605483417053914,1.0
24719,1.9221995475714893,HSBUI,87040.0,0.7678342126456169,1.0
24780,2.2042832597084834,HSBUI,49445.99999999999,0.26941551320898843,1.0
24833,5.6044524937539455,HSBUI,14110.0,0.9564250718919088,0.9
24868,1.0967654681808159,Archer,158180.0,0.5657725777388757,1.0
25039,1.7741457425745362,Archer,49340.0,0.3367693915112355,0.9
25284,1.2729211853626579,Archer,101467.0,0.7139511100038194,1.0
25524,1.439568700699687,HSBUI,72930.0,0.3098278401903367,0.9
26868,1.0813135538860914,HSBUI,187930.0,1.1180743798173018,1.0
26878,1.0714391548426827,HSBUI,106434.0,0.5388310264179769,1.0
26942,1.0710655328756382,HSBUI,152456.0,1.5491392009516831,1.0
28328,1.332748005262457,Turkey_Creek,308659.0,0.5927141290597745,1.4
28381,1.072299298664082,Turkey_Creek,306941.0,0.7004803343433699,1.15
28699,1.9483141285664525,Turkey_Creek,120200.0,0.21553241056719075,1.15
28743,1.183648279561305,Turkey_Creek,287385.0,0.13470775660449422,1.15
29145,1.2406672779590542,Turkey_Creek,234782.99999999997,0.1885908592462919,1.0
29393,1.102348507886446,Turkey_Creek,238983.0,0.26941551320898843,1.15
29675,1.1427719895443378,Turkey_Creek,260258.99999999997,0.48494792377617907,1.15
30325,1.3152719368415953,Springtree_B,121119.00000000001,0.16164930792539303,1.0
30328,1.119209681646412,Springtree_B,186623.0,0.17512008358584247,1.0
30340,1.1481426024386234,Springtree_B,182376.0,0.13470775660449422,1.0
30414,1.4782607018735583,Springtree_B,104980.0,0.2020616349067413,1.0
30421,1.1409851495786176,Springtree_B,143872.0,0.14817853226494362,1.0
30431,1.111029503107369,Springtree_B,147850.0,0.14817853226494362,1.0
30735,1.2836450366344052,West_Outer_Gainesville,314793.0,1.1988990337799985,1.15
30883,1.2791820187298135,West_Outer_Gainesville,147081.0,0.08082465396269652,1.0
32122,1.4703248286347803,Springtree_B,138109.0,0.5253602507575275,1.0
32168,1.1170547244063807,Springtree_B,129445.0,0.39065249415303316,1.0
32278,1.2128369284165283,Springtree_B,180520.0,0.3098278401903367,1.0
32481,1.7081615716175773,Springtree_B,116523.0,0.3367693915112355,1.0
32651,1.0665802919285294,Springtree_B,154371.0,0.3367693915112355,1.0
33927,1.2430093233276525,West_Outer_Gainesville,156121.0,0.35024016717168494,1.0
34151,1.563807505780029,Gainesvilleish_Region,118098.0,0.47147714811572966,1.0
34461,1.6983281245173438,Gainesvilleish_Region,223918.99999999997,1.5760807522725822,1.15
35692,1.170327193334805,Gainesvilleish_Region,277166.0,1.468314546988987,1.15
35783,1.1007474512804305,West_Outer_Gainesville,540235.0,0.8890711935896618,1.4
35785,1.2760883583374578,West_Outer_Gainesville,369238.0,1.1046036041568523,1.4
35804,1.0802535935919082,West_Outer_Gainesville,437623.0,0.862129642268763,1.4
36871,1.321764979238871,Springtree_B,186109.0,0.8756004179292123,1.0
36875,1.1060412795475878,Springtree_B,161549.0,0.4310648211343815,1.0
36936,1.1233450502166027,Springtree_B,257771.0,0.7004803343433699,1.0
37182,1.0660072141694603,Springtree_B,184766.0,0.21553241056719075,1.0
38077,1.2419288624041167,Springtree_B,123349.99999999999,0.29635706452988725,1.0
38090,1.3499281170001909,Springtree_B,125890.0,0.39065249415303316,1.0
38806,1.115040884073929,Springtree_B,140425.0,0.29635706452988725,1.0
39260,1.110861057839841,Springtree_B,188356.0,0.4445355967948309,1.0
39432,1.1133683739484614,MidtownEast_B,444694.0,2.0475579003883118,1.4
39580,1.131867314339302,Springtree_B,144087.0,0.13470775660449422,1.0
39592,1.1163920322872527,Springtree_B,177965.0,0.26941551320898843,1.0
39732,1.3044822175375306,MidtownEast_B,307626.0,1.347077566044942,1.15
39788,1.1263392005960753,Springtree_B,175176.0,0.32329861585078606,1.0
39803,1.3521261060909529,MidtownEast_B,224514.99999999997,0.5253602507575275,1.0
39870,1.072156766517853,MidtownEast_B,365542.0,1.6164930792539305,1.15
40359,1.1713846993455348,West_Outer_Gainesville,254311.99999999997,0.6331264560411227,1.0
41365,1.4254637444711111,Gainesvilleish_Region,102688.99999999999,0.32329861585078606,1.0
41585,1.1679727752534859,Gainesvilleish_Region,172421.0,0.25594473754853897,1.0
41628,1.0847246235849615,Gainesvilleish_Region,274884.99999999994,0.49841869943662853,1.15
41644,1.1263110529439506,Gainesvilleish_Region,190677.0,0.9429542962314593,1.0
41667,1.2404772622612015,Gainesvilleish_Region,114480.0,0.32329861585078606,1.0
41694,1.1523482746641356,Gainesvilleish_Region,165745.0,0.35024016717168494,1.0
42894,1.162631455103244,Thornebrooke,156450.0,0.4041232698134826,1.0
44197,1.0686498798708284,Gainesvilleish_Region,212328.0,0.9294835205710099,1.0
44504,1.412510322484154,Gainesvilleish_Region,271173.0,0.4041232698134826,1.15
45112,1.0960651966031696,HaileLike,256380.0,0.32329861585078606,1.0
45705,1.1348863206475093,Thornebrooke,138635.0,0.3098278401903367,1.0
45732,1.131064306252255,Thornebrooke,116729.99999999999,0.3771817184925838,1.0
45797,1.3555116547565753,Thornebrooke,158443.0,0.4445355967948309,1.0
46053,1.2104424137403722,HighSpringsAGNV,252220.99999999997,0.13470775660449422,1.0
46362,1.255926171824798,HighSpringsAGNV,199469.0,0.45800637245528036,1.0
46482,1.1140783239544738,HighSpringsAGNV,314485.0,0.49841869943662853,1.0
46712,1.094334424033256,HighSpringsAGNV,176941.99999999997,0.4445355967948309,1.0
46802,1.126860441547153,HighSpringsAGNV,202011.99999999997,0.8486588666083135,1.0
47293,1.610101321919675,HighSpringsAGNV,96789.0,0.3098278401903367,1.0
47824,1.0869225827553475,MidtownEast_B,255182.99999999997,0.35024016717168494,1.0
48000,1.0659861692634747,MidtownEast_B,381025.0,0.7813049883060663,1.15
48041,1.1083737246591026,MidtownEast_B,275374.0,0.4445355967948309,1.15
48047,1.1052542893165063,MidtownEast_B,355197.0,0.41759404547393203,1.15
48083,1.1209989975644483,MidtownEast_B,305843.0,0.7543634369851676,1.15
48098,1.0972299377518453,MidtownEast_B,358691.0,0.6196556803806734,1.15
48104,1.0677480500810117,MidtownEast_B,431501.0,0.8217173152874147,1.15
48350,1.0973021719381093,MidtownEast_B,222010.0,0.45800637245528036,1.0
48537,1.1196675681991226,MidtownEast_B,286103.0,0.9564250718919088,1.0
48746,1.09401898986633,EastMidtownEastA,239780.99999999997,0.14817853226494362,1.15
48802,1.3765820102049806,EastMidtownEastA,148435.0,0.3098278401903367,1.0
48841,1.0904786345162925,Golfview,499001.99999999994,0.41759404547393203,1.0
49247,1.4655715427190605,HighSpringsAGNV,101902.0,0.32329861585078606,1.0
49338,1.3761646262484453,HighSpringsAGNV,135391.0,0.32329861585078606,1.0
49532,1.2292668805422158,HighSpringsAGNV,198180.0,0.3098278401903367,1.0
50080,1.0677601625817466,HighSpringsAGNV,226057.0,0.41759404547393203,1.0
50245,1.1004461399652488,HighSpringsAGNV,203375.0,0.45800637245528036,1.0
50338,1.0795692452367964,HighSpringsAGNV,252220.0,0.9429542962314593,1.0
50585,1.2324166626546016,HighSpringsAGNV,220425.0,0.49841869943662853,1.0
52118,1.0691025849350686,Gainesvilleish_Region,234999.99999999997,2.694155132089884,1.15
52135,1.1581540010379177,Gainesvilleish_Region,211760.0,1.347077566044942,1.15
52738,1.0699450606327223,Gainesvilleish_Region,175494.0,0.5523018020784262,1.0
52911,1.090167926965299,Gainesvilleish_Region,212823.0,0.3637109428321344,1.0
53652,1.0962847521136463,Gainesvilleish_Region,162938.0,0.28288628886943784,1.0
53950,1.1315081876673683,Gainesvilleish_Region,257215.99999999997,0.5523018020784262,1.15
58335,1.1523133179080767,Gainesvilleish_Region,269159.0,1.347077566044942,1.0
58856,1.153639713698348,WildsPlantation,249878.99999999997,0.673538783022471,1.0
59226,1.2607446380799776,HighSprings_F,241890.0,0.22900318622764018,1.0
59501,1.137641641876154,HighSprings_F,162240.0,0.12123698094404477,1.0
60002,1.1642065225760838,HighSprings_F,264897.0,0.47147714811572966,1.0
60173,1.1189562214271784,HaileLike,217293.0,0.14817853226494362,1.15
60691,1.1637895586748197,HaileLike,406817.0,0.3367693915112355,1.15
61232,1.1129928814394432,HaileLike,259840.99999999997,0.22900318622764018,1.15
61276,1.227358411174386,HaileLike,306551.0,0.4041232698134826,1.15
61314,1.1484217234397185,HaileLike,228287.99999999997,0.14817853226494362,1.15
62325,1.17259998051688,HighSprings_F,159385.0,0.08082465396269652,1.0
62336,1.1407251674047403,HighSprings_F,138172.0,0.08082465396269652,1.0
62798,1.214271722069161,HighSprings_F,203911.0,0.26941551320898843,1.0
63928,1.1518211900929323,Gainesvilleish_Region,195117.0,0.39065249415303316,1.0
65507,1.8900943464618238,HighSprings_A,139741.0,0.8351880909478641,1.0
65550,1.0888753471851256,HighSprings_A,336361.0,0.6600680073620215,1.15
65636,1.0686644936021843,HighSprings_A,309015.0,0.9429542962314593,1.0
65658,1.1578453405390685,HighSprings_A,325183.0,0.7139511100038194,1.15
65684,1.0910641648468427,HighSprings_A,219801.0,0.5792433533993251,1.0
65821,1.2630731464635412,HighSprings_A,267425.0,1.7107885088770765,1.0
66826,1.0967375484698154,HighSprings_A,374786.0,0.6196556803806734,1.15
67777,1.2577315381206053,HighSpringsAGNV,136613.0,0.16164930792539303,1.0
68542,1.614998063635776,HighSpringsAGNV,80885.0,0.9833666232128077,1.0
70348,1.0677359253960244,HighSprings_B,163786.0,1.2527821364217961,1.0
72105,1.2248123915277038,Springtree_A,160675.0,0.1885908592462919,1.0
73616,1.075986996723751,Springtree_B,129923.0,0.29635706452988725,1.0
73817,1.305314885250657,Springtree_B,109953.0,0.3098278401903367,1.0
73835,1.2247284141490984,Springtree_B,162076.0,0.35024016717168494,1.0
73898,1.3743565277667862,Springtree_B,133868.0,0.3367693915112355,1.0
74063,1.375875931660529,Springtree_B,95361.99999999999,0.28288628886943784,1.0
74544,1.3152745552198428,Magnolia_Heights,86036.0,0.35024016717168494,1.0
74621,1.5909155221953555,Magnolia_Heights,59577.99999999999,0.3098278401903367,1.0
74691,1.1740306305881165,Magnolia_Heights,128862.0,0.5927141290597745,1.0
75126,1.5223479294815137,West_of_Waldo_rd,105795.0,0.28288628886943784,1.0
75194,1.2329460163519113,West_of_Waldo_rd,113295.0,0.3367693915112355,1.0
75274,2.1113931378154405,West_of_Waldo_rd,81044.0,0.3367693915112355,1.0
75589,1.22562904375377,West_of_Waldo_rd,113426.0,0.24247396188808953,1.0
75654,1.1244216867778474,West_of_Waldo_rd,115491.0,0.25594473754853897,0.9
75722,1.176308608881519,West_of_Waldo_rd,123731.99999999999,0.32329861585078606,1.0
75788,1.2031730054406509,West_of_Waldo_rd,127803.0,0.3098278401903367,1.0
75804,1.0968931074084585,West_of_Waldo_rd,103305.0,0.29635706452988725,0.9
75807,1.1130922438465471,West_of_Waldo_rd,200933.0,0.3098278401903367,1.0
75839,1.4497708529510995,West_of_Waldo_rd,107434.0,0.3098278401903367,1.0
77020,1.1297154140231915,West_of_Waldo_rd,88866.0,0.26941551320898843,1.0
77055,1.9551672579422705,West_of_Waldo_rd,71656.0,0.28288628886943784,1.0
77542,1.6369439785281619,Springtree_B,85000.0,0.6196556803806734,1.0
77642,1.3587411790477717,Springtree_B,111894.99999999999,0.45800637245528036,1.0
78484,1.180381267807592,Springtree_B,137399.0,0.3098278401903367,1.0
79030,1.1764341075088134,West_of_Waldo_rd,173203.0,0.3098278401903367,1.0
79157,3.099592139943015,MidtownEast_B,111639.99999999999,1.0237789501941559,1.0
79243,1.0657896559918838,EastMidtownEastA,267189.0,0.5253602507575275,1.0
79256,1.082999503497907,EastMidtownEastA,296688.0,0.4310648211343815,1.0
79261,1.151688212353944,EastMidtownEastA,268540.0,0.49841869943662853,1.0
79345,1.0778920744945761,EastMidtownEastA,282614.0,0.3771817184925838,1.0
79379,1.0863046062571717,EastMidtownEastA,405160.0,0.9429542962314593,1.0
79393,2.000177138666548,EastMidtownEastA,180701.0,0.48494792377617907,1.0
79428,1.1752547111208569,EastMidtownEastA,358730.0,0.673538783022471,1.0
79488,1.1412666983986732,EastMidtownEastA,640317.0,1.2662529120822454,1.4
79742,1.3384759361555725,West_of_Waldo_rd,90604.0,0.29635706452988725,1.0
79852,1.0828047576073765,West_of_Waldo_rd,112250.0,0.26941551320898843,1.0
80153,1.2732338289375713,MidtownEast_A,118033.99999999999,0.41759404547393203,1.0
80914,2.7362402301438618,MidtownEast_A,80384.0,0.14817853226494362,1.0
80966,1.8859730095395228,MidtownEast_A,123340.0,0.3367693915112355,1.0
81100,1.313547736846113,MidtownEast_A,131395.0,0.3771817184925838,1.0
81140,1.0713629458505385,MidtownEast_A,499976.0,0.3771817184925838,1.15
81415,1.1149359381268922,Duck_Pond,259639.99999999997,0.48494792377617907,1.0
81434,1.066187342112372,Duck_Pond,147295.0,0.14817853226494362,1.0
81488,1.3189224022298431,West_of_Waldo_rd,118344.0,0.5388310264179769,1.0
81562,1.1140832094134667,MidtownEast_A,124411.99999999999,0.3637109428321344,1.0
81607,1.066607551886322,West_of_Waldo_rd,134552.0,0.32329861585078606,1.0
81753,1.1373588292995913,Duck_Pond,206320.0,0.3367693915112355,1.0
81818,1.084886164376409,West_of_Waldo_rd,130055.0,0.3367693915112355,1.0
81971,1.1495210306350805,MidtownEast_A,126815.0,0.32329861585078606,1.0
81974,1.450465470073278,MidtownEast_A,122598.00000000001,0.39065249415303316,1.0
82079,1.4140815237967124,West_of_Waldo_rd,129250.0,0.3367693915112355,1.0
82095,2.213662309785925,West_of_Waldo_rd,63804.99999999999,0.3637109428321344,1.0
82162,1.2415436129039734,West_of_Waldo_rd,129047.0,0.3098278401903367,1.0
82237,1.0875965798439533,West_of_Waldo_rd,140462.0,0.3098278401903367,1.0
82277,1.0840801125268982,West_of_Waldo_rd,114335.0,0.6331264560411227,1.0
82346,1.1955224753260711,MidtownEast_C,69758.0,0.2020616349067413,1.0
82458,2.5075445209356175,MidtownEast_C,39610.0,0.12123698094404477,0.9
82476,1.217832500555333,West_of_Waldo_rd,131568.0,0.16164930792539303,1.0
82495,2.6402055995388887,West_of_Waldo_rd,35185.0,0.14817853226494362,0.9
82532,1.2595831209166442,West_of_Waldo_rd,96245.0,0.14817853226494362,1.0
82635,1.0701224221456864,West_of_Waldo_rd,116302.0,0.24247396188808953,1.0
82656,1.136646156193162,West_of_Waldo_rd,103496.0,0.24247396188808953,1.0
82703,1.07917691765959,MidtownEast_C,90979.0,0.1885908592462919,1.0
83136,1.1405753641140732,MidtownEast_C,78494.0,0.22900318622764018,1.0
83887,1.1191982867257482,MidtownEast_C,93161.0,0.22900318622764018,1.0
84148,1.1459586796048478,MidtownEast_C,58271.0,0.24247396188808953,0.9
84202,1.0910041252281608,MidtownEast_C,63622.0,0.3098278401903367,1.0
84296,6.542814385597292,MidtownEast_C,10693.0,1.2123698094404478,0.9
84309,1.2675430087109414,MidtownEast_C,68510.0,0.39065249415303316,1.0
84313,1.2882356019230488,MidtownEast_C,65025.0,0.39065249415303316,1.0
84322,1.0803013454801271,MidtownEast_C,76300.0,0.35024016717168494,1.0
84401,1.1781049022783827,MidtownEast_C,103651.0,0.4041232698134826,0.9
84402,1.1751499650083155,MidtownEast_C,100052.0,0.28288628886943784,1.0
84457,1.0785326010305862,MidtownEast_C,115566.99999999999,0.3098278401903367,1.0
84654,1.0797359612288453,MidtownEast_C,48717.99999999999,0.29635706452988725,0.9
84830,1.2793897787105593,MidtownEast_C,72280.0,0.21553241056719075,0.9
84923,1.2491360502301858,MidtownEast_C,49385.0,0.1885908592462919,1.0
85029,1.3342661794395405,MidtownEast_C,73890.0,0.1885908592462919,1.0
85043,1.2403305430613776,MidtownEast_C,84763.0,0.3637109428321344,1.0
85097,1.2086021362470365,MidtownEast_C,71315.0,0.24247396188808953,1.0
85114,1.0939862198142418,MidtownEast_C,63835.0,0.22900318622764018,1.0
85546,1.1963388324488604,MidtownEast_A,174298.0,0.5523018020784262,1.0
85600,1.6014960646773715,MidtownEast_C,48754.0,0.14817853226494362,1.0
85630,1.0833505862127695,Duck_Pond,602557.0,0.7274218856642688,1.15
85820,1.0694259339381393,Duck_Pond,216579.0,0.21553241056719075,1.0
85894,1.347690957132233,MidtownEast_C,76850.0,0.16164930792539303,1.0
86000,1.0940693621845041,West_of_Waldo_rd,160495.0,0.24247396188808953,0.9
86009,1.0970446584215354,West_of_Waldo_rd,168875.0,0.45800637245528036,1.0
87744,1.2552763160264537,MidtownEast_A,141610.0,0.1885908592462919,1.0
88100,1.452471817787686,MidtownEast_A,70040.0,0.14817853226494362,0.9
88228,1.4360893963459878,MidtownEast_A,113236.0,0.1885908592462919,1.0
88373,1.1577497529126164,MidtownEast_A,79050.0,0.09429542962314595,1.0
88988,1.2254226998549635,MidtownEast_A,206065.0,0.09429542962314595,1.0
89734,1.4491675011496492,EastMidtownEastA,227307.0,1.4279022200076388,1.0
90814,1.0670444939577626,MidtownEast_A,311405.0,1.3605483417053914,1.0
91038,1.1640249538951235,MidtownEast_A,195180.0,0.3098278401903367,1.0
91372,1.5757740045191566,MidtownEast_C,45546.0,0.22900318622764018,1.0
91720,1.2084969570414694,MidtownEast_C,66798.0,0.3098278401903367,1.0
91723,1.9005148335336821,MidtownEast_C,35810.0,0.16164930792539303,1.0
91934,1.9324672232507254,MidtownEast_C,45746.0,0.3367693915112355,1.0
91944,1.374374225953191,MidtownEast_C,73379.99999999999,0.3367693915112355,1.0
92038,1.1599779112353368,Newmans_Lake,59274.0,0.7813049883060663,1.0
92102,2.1720285357066826,MidtownEast_C,29422.999999999996,0.41759404547393203,1.0
92546,1.2807532690459564,MidtownEast_C,74023.0,0.2020616349067413,1.0
92620,1.069715312997058,MidtownEast_C,86206.0,0.25594473754853897,1.0
92948,1.2596301903630933,Newmans_Lake,67420.0,0.35024016717168494,0.9
93015,1.3314943640171253,Newmans_Lake,66812.99999999999,0.3637109428321344,0.9
93071,1.091165707352673,Newmans_Lake,102685.0,0.17512008358584247,1.0
93076,1.3400617434857358,Newmans_Lake,96867.0,0.17512008358584247,1.0
93187,1.124555683542373,Newmans_Lake,59525.0,0.7004803343433699,0.9
93206,1.0970533942068554,Newmans_Lake,56629.99999999999,0.26941551320898843,1.0
93207,1.345788393439325,Newmans_Lake,45268.0,0.29635706452988725,0.9
93311,1.3709359449394396,Newmans_Lake,81873.0,0.862129642268763,0.9
93391,1.5434547304202522,Newmans_Lake,69360.0,0.5927141290597745,1.0
93443,1.5898319465857096,Newmans_Lake,50113.0,0.2020616349067413,1.0
93491,1.454752003608382,Newmans_Lake,68085.0,0.4310648211343815,1.0
93527,1.4170486303045344,Newmans_Lake,74921.99999999999,0.6196556803806734,1.0
93683,2.077370362146519,Newmans_Lake,62175.0,0.32329861585078606,1.0
93838,1.0677274812345419,Newmans_Lake,98961.0,0.3098278401903367,1.0
93874,1.9460852589903497,Newmans_Lake,56465.0,0.6870095586829205,1.0
93899,2.105620687013427,MidtownEast_D,56119.99999999999,0.48494792377617907,1.0
93929,1.6789350282754543,MidtownEast_D,80178.0,0.32329861585078606,0.9
94025,1.383286267468147,Newmans_Lake,65060.0,0.48494792377617907,1.0
94542,1.3987849853263579,MidtownEast_D,79235.0,2.6806843564294347,0.9
94908,1.2295665975114816,MidtownEast_D,99831.0,0.3771817184925838,1.0
96061,1.1579074432168166,WaldoRural_A,83525.0,0.3367693915112355,1.0
96345,1.165081279582182,WaldoRural_A,75905.0,0.32329861585078606,1.0
96411,1.132313446745947,WaldoRural_A,59964.0,1.5087268739703352,0.9
96615,1.1697488719921523,WaldoRural_A,50370.0,0.47147714811572966,0.75
97788,1.0660641132434427,HSBUI,183274.0,1.5087268739703352,1.0
97885,1.692628218828043,HSBUI,97633.99999999999,1.8050839385002224,1.0
97974,2.9537279468388453,HSBUI,54766.0,1.347077566044942,1.0
98590,1.9720796833797178,HSBUI,51085.0,0.6331264560411227,1.0
98967,1.219157067290554,HSBUI,116416.99999999999,2.694155132089884,1.0
99248,4.273711003114513,HSBUI,28884.999999999996,0.6061849047202239,1.0
100069,1.1639702746058662,HSBUI,167450.0,1.6838469575561776,1.0
100143,1.1231590646075147,HSBUI,186459.0,1.347077566044942,1.0
100838,1.142717756948397,HSBUI,101589.0,0.8756004179292123,0.9
101195,1.6673713671109018,HSBUI,97502.0,1.4279022200076388,1.0
102418,1.0829004148349195,Hawthorne,101160.0,0.673538783022471,0.9
102431,1.1521059033796792,Hawthorne,68027.0,0.5523018020784262,1.0
102440,1.3625960239389616,Hawthorne,57607.0,0.48494792377617907,0.9
102503,1.193126570343474,Hawthorne,87558.99999999999,0.39065249415303316,1.0
102669,1.8812347360569253,Hawthorne,59326.0,0.35024016717168494,1.0
103097,1.3072686432892362,Hawthorne,46334.0,0.8351880909478641,1.0
103841,1.4227451680730938,HSBUI,111646.0,1.3336067903844926,1.0
104634,2.632895318368981,HSBUI,36710.0,1.347077566044942,1.0
106284,1.194344148292337,swNewberry_A,324371.0,0.5253602507575275,1.0
106297,1.08530797473858,swNewberry_A,317942.0,0.24247396188808953,1.0
106396,1.0939987831638296,High_Springs_Main,190329.0,0.1885908592462919,1.0
504426,1.1958163444193621,HSBUI,129976.00000000001,0.3367693915112355,1.0
