OID_,prop_id,legal_acreage,living_area,imprv_det_quality_cd,tax_area_description,sl_price,Total_MISC_Val,effective_year_built,imprv_type_cd,base_area,sum_us_area,total_porch_area,total_garage_area,effective_age,Assessment_Val,landiness,CENTROID_X,CENTROID_Y,geo_id,Market_Cluster_ID,in_subdivision,is_townhouse,is_tiny,percent_good,ALACHUA,ARCHER,GAINESVILLE,HAWTHORNE,HIGH_SPRINGS,LACROSSE,MICANOPY,NEWBERRY,ST_JOHNS,SUWANNEE,WALDO,HighSprings_A,HighSprings_B,HighSprings_C,HighSprings_D,HighSprings_E,HighSprings_F,MidtownEast_A,MidtownEast_B,MidtownEast_C,MidtownEast_D,MidtownEast_E,MidtownEast_F,Springtree_A,Springtree_B,Springtree_C,Tioga_A,Tioga_B,WaldoRural_A,WaldoRural_B,WaldoRural_C,swNewberry_A,swNewberry_B,swNewberry_C,predicted_log_Assessment_Val,predicted_Assessment_Val,predicted_Market_Val,Market_Residual,Assessment_Residual,AbsV_Market_Residual,AbsV_Assessment_Residual,sale_ratio
3292,43843,0.080000000000000,2002,1.000000000000000,ST. JOHN'S,361500,2533,1994,100,1421.000000000000000,581.000000000000000,104.000000000000000,300.000000000000000,30,304742.000000000000000,0.103587169464057,-82.452557999999996,29.686672000000002,06234-240-058,HighSprings_B,False,False,False,0.700000000000000,False,False,False,False,False,False,False,False,True,False,False,False,True,False,False,False,False,False,False,False,False,False,False,False,False,False,False,False,False,False,False,False,False,False,12.335707013150206,227682.413381294201827,230215.413381294201827,-131284.586618705798173,-77059.586618705798173,131284.586618705798173,77059.586618705798173,0.636833785287121
3294,43852,0.080000000000000,1704,1.150000000000000,ST. JOHN'S,386900,15997,1995,100,1704.000000000000000,0.000000000000000,64.000000000000000,462.000000000000000,29,312868.000000000000000,0.103587169464057,-82.453427000000005,29.685839000000001,06234-240-077,HighSprings_B,False,False,False,0.710000000000000,False,False,False,False,False,False,False,False,True,False,False,False,True,False,False,False,False,False,False,False,False,False,False,False,False,False,False,False,False,False,False,False,False,False,12.401278441109474,243112.223571061418625,259109.223571061418625,-127790.776428938581375,-69755.776428938581375,127790.776428938581375,69755.776428938581375,0.669705928072012
3311,44164,1.000000000000000,3437,1.400000000000000,ST. JOHN'S,796900,24396,1994,100,2001.000000000000000,1436.000000000000000,495.000000000000000,0.000000000000000,30,652969.000000000000000,1.294839618300716,-82.453237000000001,29.671520000000001,06303-050-005,HighSprings_B,True,False,False,0.700000000000000,False,False,False,False,False,False,False,False,True,False,False,False,True,False,False,False,False,False,False,False,False,False,False,False,False,False,False,False,False,False,False,False,False,False,13.158336445806354,518313.964034186617937,542709.964034186676145,-254190.035965813323855,-134655.035965813382063,254190.035965813323855,134655.035965813382063,0.681026432468549
3363,44504,0.300000000000000,2324,1.150000000000000,ST. JOHN'S,323400,3717,2018,100,4462.500000000000000,0.000000000000000,497.000000000000000,840.000000000000000,6,271173.000000000000000,0.388451885490215,-82.452377999999996,29.663612000000001,06306-042-016,HighSprings_B,True,False,False,0.940000000000000,False,False,False,False,False,False,False,False,True,False,False,False,True,False,False,False,False,False,False,False,False,False,False,False,False,False,False,False,False,False,False,False,False,False,13.082667974183185,480541.068547905015294,484258.068547905015294,160858.068547905015294,209368.068547905015294,160858.068547905015294,209368.068547905015294,1.497396625070826
3450,45135,0.210000000000000,1418,1.000000000000000,ST. JOHN'S,324000,2814,1997,100,1418.000000000000000,0.000000000000000,83.000000000000000,412.000000000000000,27,272586.000000000000000,0.271916319843150,-82.437658999999996,29.663188999999999,06326-020-116,HighSprings_B,True,False,False,0.730000000000000,False,False,False,False,False,False,False,False,True,False,False,False,True,False,False,False,False,False,False,False,False,False,False,False,False,False,False,False,False,False,False,False,False,False,12.287955946166983,217065.829043750796700,219879.829043750796700,-104120.170956249203300,-55520.170956249203300,104120.170956249203300,55520.170956249203300,0.678641447665898
4046,52118,2.000000000000000,1769,1.150000000000000,ST. JOHN'S,282000,4700,1994,100,1769.000000000000000,0.000000000000000,66.000000000000000,525.000000000000000,30,234999.999999999970896,2.589679236601432,-82.438281000000003,29.652003000000001,06656-004-009,HighSprings_B,True,False,False,0.700000000000000,False,False,False,False,False,False,False,False,True,False,False,False,True,False,False,False,False,False,False,False,False,False,False,False,False,False,False,False,False,False,False,False,False,False,12.688946024942700,324144.934981740021612,328844.934981740021612,46844.934981740021612,89144.934981740050716,46844.934981740021612,89144.934981740050716,1.166116790715390
4048,52135,1.000000000000000,1902,1.150000000000000,ST. JOHN'S,260600,9750,2000,100,1902.000000000000000,0.000000000000000,126.000000000000000,0.000000000000000,24,211760.000000000000000,1.294839618300716,-82.438238999999996,29.655487999999998,06656-009-000,HighSprings_B,False,False,False,0.760000000000000,False,False,False,False,False,False,False,False,True,False,False,False,True,False,False,False,False,False,False,False,False,False,False,False,False,False,False,False,False,False,False,False,False,False,12.602461980257408,297289.586141326464713,307039.586141326464713,46439.586141326464713,85529.586141326464713,46439.586141326464713,85529.586141326464713,1.178202556183141
4068,52397,1.910000000000000,1946,1.000000000000000,ST. JOHN'S,524900,37158,2000,100,1946.000000000000000,0.000000000000000,204.000000000000000,462.000000000000000,24,409007.000000000000000,2.473143670954367,-82.431155000000004,29.654897999999999,06656-600-010,HighSprings_B,True,False,False,0.760000000000000,False,False,False,False,False,False,False,False,True,False,False,False,True,False,False,False,False,False,False,False,False,False,False,False,False,False,False,False,False,False,False,False,False,False,12.696836402256595,326712.677730826602783,363870.677730826602783,-161029.322269173397217,-82294.322269173397217,161029.322269173397217,82294.322269173397217,0.693219046924798
4108,52702,6.000000000000000,2476,1.000000000000000,ST. JOHN'S,494200,11918,1994,100,1860.000000000000000,616.000000000000000,0.000000000000000,0.000000000000000,30,408152.000000000000000,7.769037709804295,-82.455083000000002,29.658940999999999,06657-002-000,HighSprings_B,False,False,False,0.700000000000000,False,False,False,False,False,False,False,False,True,False,False,False,True,False,False,False,False,False,False,False,False,False,False,False,False,False,False,False,False,False,False,False,False,False,12.613656883645310,300636.413084961997811,312554.413084961997811,-181645.586915038002189,-107515.586915038002189,181645.586915038002189,107515.586915038002189,0.632445190378312
4121,52764,0.440000000000000,1422,1.000000000000000,ST. JOHN'S,285300,3911,1994,100,1422.000000000000000,0.000000000000000,18.000000000000000,0.000000000000000,30,238593.999999999970896,0.569729432052315,-82.449073999999996,29.659435999999999,06657-006-007,HighSprings_B,True,False,False,0.700000000000000,False,False,False,False,False,False,False,False,True,False,False,False,True,False,False,False,False,False,False,False,False,False,False,False,False,False,False,False,False,False,False,False,False,False,12.158805850539244,190766.577160905784694,194677.577160905784694,-90622.422839094215306,-47827.422839094186202,90622.422839094215306,47827.422839094186202,0.682360943431145
4158,53086,1.050000000000000,2023,1.000000000000000,ST. JOHN'S,547800,28947,2005,100,2023.000000000000000,0.000000000000000,367.000000000000000,420.000000000000000,19,436683.000000000000000,1.359581599215752,-82.449240000000003,29.638188000000000,06664-021-020,HighSprings_B,True,False,False,0.810000000000000,False,False,False,False,False,False,False,False,True,False,False,False,True,False,False,False,False,False,False,False,False,False,False,False,False,False,False,False,False,False,False,False,False,False,12.753354450516889,345709.619100523123052,374656.619100523123052,-173143.380899476876948,-90973.380899476876948,173143.380899476876948,90973.380899476876948,0.683929571194821
4160,53133,1.730000000000000,2150,1.000000000000000,ST. JOHN'S,504400,3480,2009,100,1390.000000000000000,760.000000000000000,490.000000000000000,0.000000000000000,15,425260.000000000000000,2.240072539660238,-82.446948000000006,29.639438999999999,06664-075-019,HighSprings_B,True,False,False,0.850000000000000,False,False,False,False,False,False,False,False,True,False,False,False,True,False,False,False,False,False,False,False,False,False,False,False,False,False,False,False,False,False,False,False,False,False,12.759039157884647,347680.473677604401018,351160.473677604401018,-153239.526322395598982,-77579.526322395598982,153239.526322395598982,77579.526322395598982,0.696194436315631
4170,53213,0.990000000000000,1966,1.000000000000000,ST. JOHN'S,472100,24429,1994,100,1966.000000000000000,0.000000000000000,379.000000000000000,483.000000000000000,30,376856.000000000000000,1.281891222117709,-82.445153000000005,29.639562999999999,06665-050-012,HighSprings_B,True,False,False,0.700000000000000,False,False,False,False,False,False,False,False,True,False,False,False,True,False,False,False,False,False,False,False,False,False,False,False,False,False,False,False,False,False,False,False,False,False,12.572958652490481,288646.678235317987856,313075.678235317987856,-159024.321764682012144,-88209.321764682012144,159024.321764682012144,88209.321764682012144,0.663155429432997
4191,53409,1.580000000000000,1887,1.000000000000000,ST. JOHN'S,435600,7176,2000,100,1587.000000000000000,0.000000000000000,393.000000000000000,0.000000000000000,24,363084.000000000000000,2.045846596915131,-82.441436999999993,29.634637999999999,06667-041-000,HighSprings_B,True,False,False,0.760000000000000,False,False,False,False,False,False,False,False,True,False,False,False,True,False,False,False,False,False,False,False,False,False,False,False,False,False,False,False,False,False,False,False,False,False,12.544444568334868,280532.417684518150054,287708.417684518150054,-147891.582315481849946,-82551.582315481849946,147891.582315481849946,82551.582315481849946,0.660487643903853
4192,53447,0.810000000000000,2348,1.150000000000000,ST. JOHN'S,858400,12687,2015,100,2347.500000000000000,0.000000000000000,448.500000000000000,648.000000000000000,9,716953.000000000000000,1.048820090823580,-82.442240999999996,29.630960999999999,06667-150-022,HighSprings_B,True,False,False,0.910000000000000,False,False,False,False,False,False,False,False,True,False,False,False,True,False,False,False,False,False,False,False,False,False,False,False,False,False,False,False,False,False,False,False,False,False,13.116295633328670,496975.313753312220797,509662.313753312220797,-348737.686246687779203,-219977.686246687779203,348737.686246687779203,219977.686246687779203,0.593735221054651
4229,53844,5.300000000000000,2668,1.150000000000000,ST. JOHN'S,703100,4006,1994,100,2668.000000000000000,0.000000000000000,95.000000000000000,900.000000000000000,30,593629.000000000000000,6.862649976993794,-82.428740000000005,29.644224999999999,06670-000-000,HighSprings_B,False,False,False,0.700000000000000,False,False,False,False,False,False,False,False,True,False,False,False,True,False,False,False,False,False,False,False,False,False,False,False,False,False,False,False,False,False,False,False,False,False,12.978608389427578,433049.963480196427554,437055.963480196427554,-266044.036519803572446,-160579.036519803572446,266044.036519803572446,160579.036519803572446,0.621612805404916
4230,53869,0.200000000000000,1454,1.000000000000000,ST. JOHN'S,310600,4544,1994,100,1454.000000000000000,0.000000000000000,202.000000000000000,506.000000000000000,30,259465.999999999970896,0.258967923660143,-82.427186000000006,29.642386999999999,06670-010-025,HighSprings_B,True,False,False,0.700000000000000,False,False,False,False,False,False,False,False,True,False,False,False,True,False,False,False,False,False,False,False,False,False,False,False,False,False,False,False,False,False,False,False,False,False,12.265960356717416,212343.464174837077735,216887.464174837077735,-93712.535825162922265,-47122.535825162893161,93712.535825162922265,47122.535825162893161,0.698285460962128
4397,58127,1.350000000000000,2013,1.000000000000000,ST. JOHN'S,502600,11725,1994,100,4026.000000000000000,0.000000000000000,250.000000000000000,1056.000000000000000,30,415485.000000000000000,1.748033484705967,-82.424940000000007,29.622661999999998,06849-001-007,HighSprings_B,True,False,False,0.700000000000000,False,False,False,False,False,False,False,False,True,False,False,False,True,False,False,False,False,False,False,False,False,False,False,False,False,False,False,False,False,False,False,False,False,False,12.621852365876933,303110.397366416233126,314835.397366416233126,-187764.602633583766874,-112374.602633583766874,187764.602633583766874,112374.602633583766874,0.626413444819770
4401,58141,1.070000000000000,2337,1.000000000000000,ST. JOHN'S,645800,21808,2005,100,1257.000000000000000,1080.000000000000000,176.000000000000000,599.000000000000000,19,527122.000000000000000,1.385478391581766,-82.423857999999996,29.620818000000000,06849-001-023,HighSprings_B,True,False,False,0.810000000000000,False,False,False,False,False,False,False,False,True,False,False,False,True,False,False,False,False,False,False,False,False,False,False,False,False,False,False,False,False,False,False,False,False,False,12.846904407967395,379611.791413037630264,401419.791413037630264,-244380.208586962369736,-147510.208586962369736,244380.208586962369736,147510.208586962369736,0.621585307236045
4406,58160,1.060000000000000,3309,1.000000000000000,ST. JOHN'S,560300,38757,1994,100,3309.000000000000000,0.000000000000000,144.000000000000000,0.000000000000000,30,437498.000000000000000,1.372529995398759,-82.425291999999999,29.616693000000001,06849-002-017,HighSprings_B,True,False,False,0.700000000000000,False,False,False,False,False,False,False,False,True,False,False,False,True,False,False,False,False,False,False,False,False,False,False,False,False,False,False,False,False,False,False,False,False,False,12.772790216550614,352494.471192303230055,391251.471192303230055,-169048.528807696769945,-85003.528807696769945,169048.528807696769945,85003.528807696769945,0.698289257883818
4410,58178,1.800000000000000,4375,1.000000000000000,ST. JOHN'S,835400,18220,2000,100,3893.000000000000000,0.000000000000000,582.000000000000000,928.000000000000000,24,691869.999999999883585,2.330711312941288,-82.426602000000003,29.617214000000001,06849-002-036,HighSprings_B,True,False,False,0.760000000000000,False,False,False,False,False,False,False,False,True,False,False,False,True,False,False,False,False,False,False,False,False,False,False,False,False,False,False,False,False,False,False,False,False,False,13.229241508484918,556399.315324344905093,574619.315324344905093,-260780.684675655094907,-135470.684675654978491,260780.684675655094907,135470.684675654978491,0.687837341781596
4412,58199,1.000000000000000,2966,1.000000000000000,ST. JOHN'S,675700,22763,2000,100,2966.000000000000000,0.000000000000000,49.000000000000000,462.000000000000000,24,551582.000000000000000,1.294839618300716,-82.431184999999999,29.619796999999998,06849-003-021,HighSprings_B,True,False,False,0.760000000000000,False,False,False,False,False,False,False,False,True,False,False,False,True,False,False,False,False,False,False,False,False,False,False,False,False,False,False,False,False,False,False,False,False,False,12.906398286742210,402881.715025170298759,425644.715025170298759,-250055.284974829701241,-148700.284974829701241,250055.284974829701241,148700.284974829701241,0.629931500703227
4416,58258,1.460000000000000,2895,1.000000000000000,ST. JOHN'S,684400,25016,2000,100,5790.000000000000000,0.000000000000000,940.000000000000000,1104.000000000000000,24,556724.000000000000000,1.890465842719045,-82.432212000000007,29.617204000000001,06849-005-005,HighSprings_B,True,False,False,0.760000000000000,False,False,False,False,False,False,False,False,True,False,False,False,True,False,False,False,False,False,False,False,False,False,False,False,False,False,False,False,False,False,False,False,False,False,12.960832858205173,425420.282048248976935,450436.282048248976935,-233963.717951751023065,-131303.717951751023065,233963.717951751023065,131303.717951751023065,0.658147694401299
4417,58266,1.030000000000000,2765,1.000000000000000,ST. JOHN'S,613100,42782,1994,100,2765.000000000000000,0.000000000000000,320.000000000000000,576.000000000000000,30,478352.999999999941792,1.333684806849737,-82.427915999999996,29.620311000000001,06849-006-003,HighSprings_B,True,False,False,0.700000000000000,False,False,False,False,False,False,False,False,True,False,False,False,True,False,False,False,False,False,False,False,False,False,False,False,False,False,False,False,False,False,False,False,False,False,12.793860871509512,360000.561988237604965,402782.561988237604965,-210317.438011762395035,-118352.438011762336828,210317.438011762395035,118352.438011762336828,0.656960629568158
4421,58335,1.000000000000000,2173,1.000000000000000,ST. JOHN'S,327100,8876,2007,100,2173.000000000000000,0.000000000000000,224.000000000000000,637.000000000000000,17,269159.000000000000000,1.294839618300716,-82.423053999999993,29.627780999999999,06850-018-008,HighSprings_B,True,False,False,0.830000000000000,False,False,False,False,False,False,False,False,True,False,False,False,True,False,False,False,False,False,False,False,False,False,False,False,False,False,False,False,False,False,False,False,False,False,12.826417015326882,371913.662151303607970,380789.662151303607970,53689.662151303607970,102754.662151303607970,53689.662151303607970,102754.662151303607970,1.164138374048620
4422,58336,7.010000000000000,2720,1.150000000000000,ST. JOHN'S,833000,11043,1999,100,1536.000000000000000,1184.000000000000000,132.000000000000000,484.000000000000000,25,697006.999999999883585,9.076825724288017,-82.432119999999998,29.624542999999999,06850-020-000,HighSprings_B,False,False,False,0.750000000000000,False,False,False,False,False,False,False,False,True,False,False,False,True,False,False,False,False,False,False,False,False,False,False,False,False,False,False,False,False,False,False,False,False,False,13.076761664170593,477711.209262907505035,488754.209262907505035,-344245.790737092494965,-219295.790737092378549,344245.790737092494965,219295.790737092378549,0.586739747014295
4423,58338,4.000000000000000,2278,1.000000000000000,ST. JOHN'S,514500,19684,1994,100,2278.000000000000000,0.000000000000000,192.000000000000000,506.000000000000000,30,417640.999999999941792,5.179358473202863,-82.431156000000001,29.627275999999998,06850-021-000,HighSprings_B,False,False,False,0.700000000000000,False,False,False,False,False,False,False,False,True,False,False,False,True,False,False,False,False,False,False,False,False,False,False,False,False,False,False,False,False,False,False,False,False,False,12.705889142198698,329683.750522333488334,349367.750522333488334,-165132.249477666511666,-87957.249477666453458,165132.249477666511666,87957.249477666453458,0.679043246885002
4424,58341,5.500000000000000,6375,1.150000000000000,ST. JOHN'S,1154800,30383,1994,100,4986.000000000000000,1389.000000000000000,340.000000000000000,858.000000000000000,30,951196.999999999883585,7.121617900653937,-82.431996999999996,29.629379000000000,06850-025-000,HighSprings_B,False,False,False,0.700000000000000,False,False,False,False,False,False,False,False,True,False,False,False,True,False,False,False,False,False,False,False,False,False,False,False,False,False,False,False,False,False,False,False,False,False,13.543056716360834,761508.578378928010352,791891.578378928010352,-362908.421621071989648,-189688.421621071873233,362908.421621071989648,189688.421621071873233,0.685739156892040
4525,59309,1.140000000000000,3697,1.150000000000000,ST. JOHN'S,876800,39697,1997,100,3696.500000000000000,0.000000000000000,472.000000000000000,660.000000000000000,27,705583.000000000000000,1.476117164862816,-82.426783999999998,29.611751999999999,06859-070-001,HighSprings_B,True,False,False,0.730000000000000,False,False,False,False,False,False,False,False,True,False,False,False,True,False,False,False,False,False,False,False,False,False,False,False,False,False,False,False,False,False,False,False,False,False,13.184857401755965,532244.048946146387607,571941.048946146387607,-304858.951053853612393,-173338.951053853612393,304858.951053853612393,173338.951053853612393,0.652305028451353
4603,59782,0.340000000000000,2233,1.150000000000000,ST. JOHN'S,543400,34485,1994,100,2233.000000000000000,0.000000000000000,702.000000000000000,532.000000000000000,30,427405.000000000000000,0.440245470222243,-82.443309999999997,29.602352000000000,06860-082-015,HighSprings_B,True,False,False,0.700000000000000,False,False,False,False,False,False,False,False,True,False,False,False,True,False,False,False,False,False,False,False,False,False,False,False,False,False,False,False,False,False,False,False,False,False,12.733933225199722,339060.292726824118290,373545.292726824118290,-169854.707273175881710,-88344.707273175881710,169854.707273175881710,88344.707273175881710,0.687422327432507
4607,59797,0.410000000000000,2049,1.150000000000000,ST. JOHN'S,529200,20822,1994,100,2049.000000000000000,0.000000000000000,474.000000000000000,634.000000000000000,30,428998.000000000000000,0.530884243503293,-82.445678000000001,29.603323000000000,06860-083-028,HighSprings_B,True,False,False,0.700000000000000,False,False,False,False,False,False,False,False,True,False,False,False,True,False,False,False,False,False,False,False,False,False,False,False,False,False,False,False,False,False,False,False,False,False,12.692646495110298,325346.645719685941003,346168.645719685941003,-183031.354280314058997,-103651.354280314058997,183031.354280314058997,103651.354280314058997,0.654135762886784
4612,59825,0.710000000000000,3171,1.150000000000000,ST. JOHN'S,793600,30443,1994,100,3171.000000000000000,0.000000000000000,310.000000000000000,660.000000000000000,30,644117.000000000000000,0.919336128993508,-82.432882000000006,29.611806000000001,06860-090-004,HighSprings_B,True,False,False,0.700000000000000,False,False,False,False,False,False,False,False,True,False,False,False,True,False,False,False,False,False,False,False,False,False,False,False,False,False,False,False,False,False,False,False,False,False,13.004619260117787,444461.741834298241884,474904.741834298241884,-318695.258165701758116,-199655.258165701758116,318695.258165701758116,199655.258165701758116,0.598418273480719
4613,59831,0.580000000000000,2906,1.150000000000000,ST. JOHN'S,655200,27522,1996,100,2278.000000000000000,628.000000000000000,304.000000000000000,714.000000000000000,28,529398.000000000000000,0.751006978614415,-82.433948999999998,29.613005999999999,06860-090-010,HighSprings_B,True,False,False,0.720000000000000,False,False,False,False,False,False,False,False,True,False,False,False,True,False,False,False,False,False,False,False,False,False,False,False,False,False,False,False,False,False,False,False,False,False,12.967828766109431,428406.918096263601910,455928.918096263601910,-199271.081903736398090,-100991.081903736398090,199271.081903736398090,100991.081903736398090,0.695862207106629
4616,59837,0.630000000000000,2671,1.150000000000000,ST. JOHN'S,686900,25618,1994,100,2671.000000000000000,0.000000000000000,502.000000000000000,674.000000000000000,30,558247.000000000000000,0.815748959529451,-82.435760000000002,29.612801999999999,06860-090-016,HighSprings_B,True,False,False,0.700000000000000,False,False,False,False,False,False,False,False,True,False,False,False,True,False,False,False,False,False,False,False,False,False,False,False,False,False,False,False,False,False,False,False,False,False,12.892232177511778,397214.683309037645813,422832.683309037645813,-264067.316690962354187,-161032.316690962354187,264067.316690962354187,161032.316690962354187,0.615566579282337
4628,59908,0.430000000000000,2519,1.150000000000000,ST. JOHN'S,600600,34647,1994,100,2519.000000000000000,0.000000000000000,507.000000000000000,566.000000000000000,30,475863.000000000000000,0.556781035869308,-82.438338000000002,29.612283999999999,06860-090-087,HighSprings_B,True,False,False,0.700000000000000,False,False,False,False,False,False,False,False,True,False,False,False,True,False,False,False,False,False,False,False,False,False,False,False,False,False,False,False,False,False,False,False,False,False,12.825048182685210,371404.922859576821793,406051.922859576821793,-194548.077140423178207,-104458.077140423178207,194548.077140423178207,104458.077140423178207,0.676077127638323
4629,59912,0.640000000000000,2896,1.150000000000000,ST. JOHN'S,676700,8079,1996,100,2638.000000000000000,0.000000000000000,358.000000000000000,513.000000000000000,28,567116.000000000000000,0.828697355712458,-82.438328999999996,29.613710000000001,06860-090-091,HighSprings_B,True,False,False,0.720000000000000,False,False,False,False,False,False,False,False,True,False,False,False,True,False,False,False,False,False,False,False,False,False,False,False,False,False,False,False,False,False,False,False,False,False,12.967181771036822,428129.830577979097143,436208.830577979097143,-240491.169422020902857,-138986.169422020902857,240491.169422020902857,138986.169422020902857,0.644611837709442
4651,60034,0.610000000000000,2659,1.150000000000000,ST. JOHN'S,590500,6897,1994,100,2658.500000000000000,0.000000000000000,676.500000000000000,504.000000000000000,30,495028.000000000000000,0.789852167163437,-82.442408999999998,29.603664999999999,06860-110-006,HighSprings_B,True,False,False,0.700000000000000,False,False,False,False,False,False,False,False,True,False,False,False,True,False,False,False,False,False,False,False,False,False,False,False,False,False,False,False,False,False,False,False,False,False,12.883809489102312,393883.117864237166941,400780.117864237166941,-189719.882135762833059,-101144.882135762833059,189719.882135762833059,101144.882135762833059,0.678713154723518
4652,60039,0.770000000000000,2809,1.150000000000000,ST. JOHN'S,689600,39711,1998,100,2809.000000000000000,0.000000000000000,261.000000000000000,644.000000000000000,26,546449.000000000000000,0.997026506091551,-82.441593999999995,29.604738000000001,06860-110-011,HighSprings_B,True,False,False,0.740000000000000,False,False,False,False,False,False,False,False,True,False,False,False,True,False,False,False,False,False,False,False,False,False,False,False,False,False,False,False,False,False,False,False,False,False,12.992905585692839,439285.835320101585239,478996.835320101585239,-210603.164679898414761,-107163.164679898414761,210603.164679898414761,107163.164679898414761,0.694600979292491
4654,60052,0.250000000000000,1752,1.000000000000000,ST. JOHN'S,439800,3475,2007,100,1752.000000000000000,0.000000000000000,312.000000000000000,504.000000000000000,17,370355.000000000000000,0.323709904575179,-82.446866999999997,29.602463000000000,06860-121-011,HighSprings_B,True,False,False,0.830000000000000,False,False,False,False,False,False,False,False,True,False,False,False,True,False,False,False,False,False,False,False,False,False,False,False,False,False,False,False,False,False,False,False,False,False,12.591585801162978,294073.731167432153597,297548.731167432153597,-142251.268832567846403,-76281.268832567846403,142251.268832567846403,76281.268832567846403,0.676554641126494
4661,60102,0.260000000000000,1711,1.000000000000000,ST. JOHN'S,402800,3542,2004,100,1710.500000000000000,0.000000000000000,269.500000000000000,462.000000000000000,20,338838.000000000000000,0.336658300758186,-82.449883000000000,29.602941999999999,06860-123-059,HighSprings_B,True,False,False,0.800000000000000,False,False,False,False,False,False,False,False,True,False,False,False,True,False,False,False,False,False,False,False,False,False,False,False,False,False,False,False,False,False,False,False,False,False,12.535576239305902,278055.562915855436586,281597.562915855436586,-121202.437084144563414,-60782.437084144563414,121202.437084144563414,60782.437084144563414,0.699100205848698
4663,60107,0.250000000000000,2086,1.000000000000000,ST. JOHN'S,490200,21007,2005,100,2086.000000000000000,0.000000000000000,269.000000000000000,420.000000000000000,19,395663.000000000000000,0.323709904575179,-82.449934999999996,29.603439999999999,06860-123-064,HighSprings_B,True,False,False,0.810000000000000,False,False,False,False,False,False,False,False,True,False,False,False,True,False,False,False,False,False,False,False,False,False,False,False,False,False,False,False,False,False,False,False,False,False,12.670146362108364,318108.043060137308203,339115.043060137308203,-151084.956939862691797,-77554.956939862691797,151084.956939862691797,77554.956939862691797,0.691789153529452
4664,60109,0.290000000000000,1667,1.000000000000000,ST. JOHN'S,467800,27076,2009,100,1667.000000000000000,0.000000000000000,303.000000000000000,484.000000000000000,15,370554.000000000000000,0.375503489307208,-82.450467000000003,29.603341000000000,06860-123-066,HighSprings_B,True,False,False,0.850000000000000,False,False,False,False,False,False,False,False,True,False,False,False,True,False,False,False,False,False,False,False,False,False,False,False,False,False,False,False,False,False,False,False,False,False,12.595655342783749,295272.914864987542387,322348.914864987542387,-145451.085135012457613,-75281.085135012457613,145451.085135012457613,75281.085135012457613,0.689074208775091
4666,60122,0.270000000000000,1822,1.000000000000000,ST. JOHN'S,466900,3468,2012,100,1822.000000000000000,0.000000000000000,260.000000000000000,483.000000000000000,12,393397.000000000000000,0.349606696941193,-82.450935999999999,29.603259000000001,06860-123-079,HighSprings_B,True,False,False,0.880000000000000,False,False,False,False,False,False,False,False,True,False,False,False,True,False,False,False,False,False,False,False,False,False,False,False,False,False,False,False,False,False,False,False,False,False,12.683961083167169,322533.112113365903497,326001.112113365903497,-140898.887886634096503,-70863.887886634096503,140898.887886634096503,70863.887886634096503,0.698224699321837
4668,60138,0.200000000000000,1320,1.000000000000000,ST. JOHN'S,390200,9261,2015,100,1320.000000000000000,0.000000000000000,50.000000000000000,440.000000000000000,9,322409.000000000000000,0.258967923660143,-82.454991000000007,29.601772000000000,06860-130-015,HighSprings_B,True,False,False,0.910000000000000,False,False,False,False,False,False,False,False,True,False,False,False,True,False,False,False,False,False,False,False,False,False,False,False,False,False,False,False,False,False,False,False,False,False,12.479781918973032,262966.497988845803775,272227.497988845803775,-117972.502011154196225,-59442.502011154196225,117972.502011154196225,59442.502011154196225,0.697661450509600
4669,60149,0.220000000000000,1938,1.000000000000000,ST. JOHN'S,388200,3269,1994,100,1938.000000000000000,0.000000000000000,256.000000000000000,483.000000000000000,30,326700.999999999941792,0.284864716026157,-82.454186000000007,29.602466000000000,06860-130-026,HighSprings_B,True,False,False,0.700000000000000,False,False,False,False,False,False,False,False,True,False,False,False,True,False,False,False,False,False,False,False,False,False,False,False,False,False,False,False,False,False,False,False,False,False,12.455722516622002,256715.184193169348873,259984.184193169348873,-128215.815806830651127,-69985.815806830592919,128215.815806830651127,69985.815806830592919,0.669717115386835
4670,60151,0.200000000000000,1808,1.000000000000000,ST. JOHN'S,408800,3332,2005,100,1808.000000000000000,0.000000000000000,42.000000000000000,462.000000000000000,19,344148.000000000000000,0.258967923660143,-82.454741999999996,29.602568999999999,06860-130-028,HighSprings_B,True,False,False,0.810000000000000,False,False,False,False,False,False,False,False,True,False,False,False,True,False,False,False,False,False,False,False,False,False,False,False,False,False,False,False,False,False,False,False,False,False,12.549889420500758,282064.041174361249432,285396.041174361249432,-123403.958825638750568,-62083.958825638750568,123403.958825638750568,62083.958825638750568,0.698131216179944
4676,60164,0.210000000000000,1470,1.000000000000000,ST. JOHN'S,309900,3203,1994,100,1470.000000000000000,0.000000000000000,20.000000000000000,483.000000000000000,30,260212.000000000000000,0.271916319843150,-82.453772999999998,29.602754999999998,06860-130-041,HighSprings_B,True,False,False,0.700000000000000,False,False,False,False,False,False,False,False,True,False,False,False,True,False,False,False,False,False,False,False,False,False,False,False,False,False,False,False,False,False,False,False,False,False,12.255506617588656,210135.243187344691250,213338.243187344691250,-96561.756812655308750,-50076.756812655308750,96561.756812655308750,50076.756812655308750,0.688409948974975
4678,60175,0.110000000000000,1940,1.150000000000000,ST. JOHN'S,510000,876,1995,100,1940.000000000000000,0.000000000000000,600.000000000000000,667.000000000000000,29,432624.000000000000000,0.142432358013079,-82.447979000000004,29.605623000000001,06860-140-008,HighSprings_B,True,False,False,0.710000000000000,False,False,False,False,False,False,False,False,True,False,False,False,True,False,False,False,False,False,False,False,False,False,False,False,False,False,False,False,False,False,False,False,False,False,12.585178719504210,292195.599853369989432,293071.599853369989432,-216928.400146630010568,-140428.400146630010568,216928.400146630010568,140428.400146630010568,0.574650195790922
4680,60181,0.110000000000000,1875,1.150000000000000,ST. JOHN'S,409600,1826,1994,100,1875.000000000000000,0.000000000000000,384.000000000000000,480.000000000000000,30,346334.000000000000000,0.142432358013079,-82.448839000000007,29.605063999999999,06860-140-014,HighSprings_B,True,False,False,0.700000000000000,False,False,False,False,False,False,False,False,True,False,False,False,True,False,False,False,False,False,False,False,False,False,False,False,False,False,False,False,False,False,False,False,False,False,12.537309720236339,278537.984945661679376,280363.984945661679376,-129236.015054338320624,-67796.015054338320624,129236.015054338320624,67796.015054338320624,0.684482385121244
4683,60344,0.330000000000000,2153,1.000000000000000,ST. JOHN'S,574200,23878,2003,100,2153.000000000000000,0.000000000000000,456.000000000000000,532.000000000000000,21,464191.999999999941792,0.427297074039236,-82.444738000000001,29.607253000000000,06860-161-019,HighSprings_B,True,False,False,0.790000000000000,False,False,False,False,False,False,False,False,True,False,False,False,True,False,False,False,False,False,False,False,False,False,False,False,False,False,False,False,False,False,False,False,False,False,12.691289803616543,324905.549975995440036,348783.549975995440036,-225416.450024004559964,-139286.450024004501756,225416.450024004559964,139286.450024004501756,0.607425200236843
4699,60623,0.260000000000000,2363,1.150000000000000,ST. JOHN'S,513300,3632,1994,100,2363.000000000000000,0.000000000000000,258.000000000000000,549.000000000000000,30,432673.000000000000000,0.336658300758186,-82.449886000000006,29.612604000000001,06860-191-012,HighSprings_B,True,False,False,0.700000000000000,False,False,False,False,False,False,False,False,True,False,False,False,True,False,False,False,False,False,False,False,False,False,False,False,False,False,False,False,False,False,False,False,False,False,12.743009041136446,342151.548148700268939,345783.548148700268939,-167516.451851299731061,-90521.451851299731061,167516.451851299731061,90521.451851299731061,0.673648057955777
4700,60627,0.260000000000000,1867,1.150000000000000,ST. JOHN'S,478000,1280,1996,100,1867.000000000000000,0.000000000000000,510.000000000000000,420.000000000000000,28,405019.999999999941792,0.336658300758186,-82.450635000000005,29.611843000000000,06860-191-016,HighSprings_B,True,False,False,0.720000000000000,False,False,False,False,False,False,False,False,True,False,False,False,True,False,False,False,False,False,False,False,False,False,False,False,False,False,False,False,False,False,False,False,False,False,12.625388808036138,304184.227404317818582,305464.227404317818582,-172535.772595682181418,-100835.772595682123210,172535.772595682181418,100835.772595682123210,0.639046500845853
4701,60629,0.260000000000000,2316,1.150000000000000,ST. JOHN'S,554400,3204,1994,100,4632.000000000000000,0.000000000000000,764.000000000000000,1026.000000000000000,30,468035.999999999941792,0.336658300758186,-82.451201999999995,29.611699000000002,06860-191-018,HighSprings_B,True,False,False,0.700000000000000,False,False,False,False,False,False,False,False,True,False,False,False,True,False,False,False,False,False,False,False,False,False,False,False,False,False,False,False,False,False,False,False,False,False,12.752510093592917,345417.839990142965689,348621.839990142965689,-205778.160009857034311,-122618.160009856976103,205778.160009857034311,122618.160009856976103,0.628827272709493
4705,60659,0.210000000000000,2188,1.150000000000000,ST. JOHN'S,508500,1876,2000,100,2036.500000000000000,0.000000000000000,223.500000000000000,440.000000000000000,24,430349.000000000000000,0.271916319843150,-82.450343000000004,29.613144999999999,06860-192-047,HighSprings_B,True,False,False,0.760000000000000,False,False,False,False,False,False,False,False,True,False,False,False,True,False,False,False,False,False,False,False,False,False,False,False,False,False,False,False,False,False,False,False,False,False,12.764534273257990,349596.276952691900078,351472.276952691900078,-157027.723047308099922,-80752.723047308099922,157027.723047308099922,80752.723047308099922,0.691194251627713
4707,60672,0.200000000000000,1636,1.150000000000000,ST. JOHN'S,462200,11792,2001,100,1636.000000000000000,0.000000000000000,145.000000000000000,420.000000000000000,23,381078.000000000000000,0.258967923660143,-82.453109999999995,29.612102000000000,06860-193-059,HighSprings_B,True,False,False,0.770000000000000,False,False,False,False,False,False,False,False,True,False,False,False,True,False,False,False,False,False,False,False,False,False,False,False,False,False,False,False,False,False,False,False,False,False,12.586712868167284,292644.215375704225153,304436.215375704225153,-157763.784624295774847,-88433.784624295774847,157763.784624295774847,88433.784624295774847,0.658667709596937
4710,60700,0.220000000000000,1996,1.150000000000000,ST. JOHN'S,528700,4943,2005,100,1996.000000000000000,0.000000000000000,728.000000000000000,610.000000000000000,19,444452.000000000000000,0.284864716026157,-82.453164000000001,29.607420000000001,06860-200-018,HighSprings_B,True,False,False,0.810000000000000,False,False,False,False,False,False,False,False,True,False,False,False,True,False,False,False,False,False,False,False,False,False,False,False,False,False,False,False,False,False,False,False,False,False,12.796980854127039,361125.511482826434076,366068.511482826434076,-162631.488517173565924,-83326.488517173565924,162631.488517173565924,83326.488517173565924,0.692393628679452
4712,60704,0.250000000000000,2427,1.150000000000000,ST. JOHN'S,572000,3522,1998,100,2427.000000000000000,0.000000000000000,486.000000000000000,483.000000000000000,26,482678.000000000000000,0.323709904575179,-82.454141000000007,29.607673999999999,06860-200-022,HighSprings_B,True,False,False,0.740000000000000,False,False,False,False,False,False,False,False,True,False,False,False,True,False,False,False,False,False,False,False,False,False,False,False,False,False,False,False,False,False,False,False,False,False,12.821536913442653,370103.107027858786751,373625.107027858786751,-198374.892972141213249,-112574.892972141213249,198374.892972141213249,112574.892972141213249,0.653190746552201
4732,60835,0.480000000000000,3038,1.150000000000000,ST. JOHN'S,721700,4138,2004,100,3038.000000000000000,0.000000000000000,72.000000000000000,528.000000000000000,20,609307.000000000000000,0.621523016784344,-82.439417000000006,29.613284000000000,06860-251-002,HighSprings_B,True,False,False,0.800000000000000,False,False,False,False,False,False,False,False,True,False,False,False,True,False,False,False,False,False,False,False,False,False,False,False,False,False,False,False,False,False,False,False,False,False,13.080589626505535,479543.374270995787811,483681.374270995787811,-238018.625729004212189,-129763.625729004212189,238018.625729004212189,129763.625729004212189,0.670197276251899
4733,60837,0.440000000000000,2996,1.150000000000000,ST. JOHN'S,693900,24050,1996,100,2996.000000000000000,0.000000000000000,254.000000000000000,490.000000000000000,28,565765.000000000000000,0.569729432052315,-82.439442000000000,29.614045000000001,06860-251-004,HighSprings_B,True,False,False,0.720000000000000,False,False,False,False,False,False,False,False,True,False,False,False,True,False,False,False,False,False,False,False,False,False,False,False,False,False,False,False,False,False,False,False,False,False,12.958669436809265,424500.913557128573302,448550.913557128573302,-245349.086442871426698,-141264.086442871426698,245349.086442871426698,141264.086442871426698,0.646420108887633
4734,60839,0.440000000000000,2797,1.150000000000000,ST. JOHN'S,819200,34739,2010,100,2797.000000000000000,0.000000000000000,429.000000000000000,660.000000000000000,14,661581.000000000000000,0.569729432052315,-82.439650000000000,29.614785000000001,06860-251-006,HighSprings_B,True,False,False,0.860000000000000,False,False,False,False,False,False,False,False,True,False,False,False,True,False,False,False,False,False,False,False,False,False,False,False,False,False,False,False,False,False,False,False,False,False,13.122167584590063,499902.113175948034041,534641.113175948034041,-284558.886824051965959,-161678.886824051965959,284558.886824051965959,161678.886824051965959,0.652638077607358
4736,60846,0.510000000000000,2620,1.150000000000000,ST. JOHN'S,721700,26855,2000,100,2619.500000000000000,0.000000000000000,418.000000000000000,600.000000000000000,24,586590.000000000000000,0.660368205333365,-82.440944999999999,29.614644999999999,06860-251-013,HighSprings_B,True,False,False,0.760000000000000,False,False,False,False,False,False,False,False,True,False,False,False,True,False,False,False,False,False,False,False,False,False,False,False,False,False,False,False,False,False,False,False,False,False,12.952235331842267,421778.397988339595031,448633.397988339595031,-273066.602011660404969,-164811.602011660404969,273066.602011660404969,164811.602011660404969,0.621634194247388
4737,60847,0.630000000000000,2897,1.150000000000000,ST. JOHN'S,730700,27439,1998,100,2896.500000000000000,0.000000000000000,317.500000000000000,498.000000000000000,26,593656.000000000000000,0.815748959529451,-82.441445000000002,29.614539000000001,06860-251-014,HighSprings_B,True,False,False,0.740000000000000,False,False,False,False,False,False,False,False,True,False,False,False,True,False,False,False,False,False,False,False,False,False,False,False,False,False,False,False,False,False,False,False,False,False,12.994936605881239,440178.940370300901122,467617.940370300901122,-263082.059629699098878,-153477.059629699098878,263082.059629699098878,153477.059629699098878,0.639958861872589
4738,60848,0.630000000000000,2644,1.150000000000000,ST. JOHN'S,710500,26214,2000,100,2644.000000000000000,0.000000000000000,312.000000000000000,678.000000000000000,24,577711.000000000000000,0.815748959529451,-82.441879000000000,29.614367999999999,06860-251-015,HighSprings_B,True,False,False,0.760000000000000,False,False,False,False,False,False,False,False,True,False,False,False,True,False,False,False,False,False,False,False,False,False,False,False,False,False,False,False,False,False,False,False,False,False,12.972668069421772,430485.133615876256954,456699.133615876256954,-253800.866384123743046,-147225.866384123743046,253800.866384123743046,147225.866384123743046,0.642785550479769
4743,60894,0.540000000000000,3733,1.400000000000000,ST. JOHN'S,1275000,27572,2003,100,6241.000000000000000,1224.000000000000000,1419.000000000000000,2180.000000000000000,21,1056178.000000000000000,0.699213393882387,-82.440967000000001,29.610935999999999,06860-261-007,HighSprings_B,True,False,False,0.790000000000000,False,False,False,False,False,False,False,False,True,False,False,False,True,False,False,False,False,False,False,False,False,False,False,False,False,False,False,False,False,False,False,False,False,False,13.467704552548211,706235.868859579903074,733807.868859579903074,-541192.131140420096926,-349942.131140420096926,541192.131140420096926,349942.131140420096926,0.575535583419278
4744,60902,0.520000000000000,4715,1.400000000000000,ST. JOHN'S,1274900,31151,2006,100,4224.000000000000000,491.000000000000000,948.000000000000000,995.000000000000000,18,1052514.000000000000000,0.673316601516372,-82.444141000000002,29.609770000000001,06860-261-015,HighSprings_B,True,False,False,0.820000000000000,False,False,False,False,False,False,False,False,True,False,False,False,True,False,False,False,False,False,False,False,False,False,False,False,False,False,False,False,False,False,False,False,False,False,13.634668557227473,834567.209283523843624,865718.209283523843624,-409181.790716476156376,-217946.790716476156376,409181.790716476156376,217946.790716476156376,0.679047932609243
4745,60903,0.510000000000000,3738,1.400000000000000,ST. JOHN'S,1012500,30745,1994,100,3737.500000000000000,0.000000000000000,506.000000000000000,611.000000000000000,30,829880.000000000000000,0.660368205333365,-82.444592999999998,29.609774999999999,06860-261-016,HighSprings_B,True,False,False,0.700000000000000,False,False,False,False,False,False,False,False,True,False,False,False,True,False,False,False,False,False,False,False,False,False,False,False,False,False,False,False,False,False,False,False,False,False,13.295915406926728,594761.287725529400632,625506.287725529400632,-386993.712274470599368,-235118.712274470599368,386993.712274470599368,235118.712274470599368,0.617783987877066
4746,60915,0.520000000000000,2832,1.400000000000000,ST. JOHN'S,785400,30732,1994,100,2831.500000000000000,0.000000000000000,343.500000000000000,538.000000000000000,30,636858.000000000000000,0.673316601516372,-82.444779999999994,29.611181999999999,06860-261-028,HighSprings_B,True,False,False,0.700000000000000,False,False,False,False,False,False,False,False,True,False,False,False,True,False,False,False,False,False,False,False,False,False,False,False,False,False,False,False,False,False,False,False,False,False,13.115471323962703,496565.821145014080685,527297.821145014138892,-258102.178854985861108,-140292.178854985919315,258102.178854985861108,140292.178854985919315,0.671374867768034
4748,60929,0.550000000000000,4263,1.400000000000000,ST. JOHN'S,1144600,55085,2001,100,3974.500000000000000,288.000000000000000,996.000000000000000,864.000000000000000,23,917825.000000000000000,0.712161790065394,-82.446147999999994,29.611529000000001,06860-262-041,HighSprings_B,True,False,False,0.770000000000000,False,False,False,False,False,False,False,False,True,False,False,False,True,False,False,False,False,False,False,False,False,False,False,False,False,False,False,False,False,False,False,False,False,False,13.502749746529664,731424.840105910436250,786509.840105910436250,-358090.159894089563750,-186400.159894089563750,358090.159894089563750,186400.159894089563750,0.687148209073834
4758,60985,0.050000000000000,1623,1.150000000000000,ST. JOHN'S,399400,1236,2001,100,1118.500000000000000,504.000000000000000,144.500000000000000,528.000000000000000,23,338254.000000000000000,0.064741980915036,-82.437366999999995,29.607367000000000,06860-290-009,HighSprings_B,True,False,False,0.770000000000000,False,False,False,False,False,False,False,False,True,False,False,False,True,False,False,False,False,False,False,False,False,False,False,False,False,False,False,False,False,False,False,False,False,False,12.489765574869779,265605.014119921193924,266841.014119921193924,-132558.985880078806076,-72648.985880078806076,132558.985880078806076,72648.985880078806076,0.668104692338310
4759,60995,0.040000000000000,2086,1.150000000000000,ST. JOHN'S,385900,48,2000,100,1117.000000000000000,969.000000000000000,97.000000000000000,0.000000000000000,24,327967.000000000000000,0.051793584732029,-82.437832000000000,29.607423000000001,06860-290-019,HighSprings_B,True,False,False,0.760000000000000,False,False,False,False,False,False,False,False,True,False,False,False,True,False,False,False,False,False,False,False,False,False,False,False,False,False,False,False,False,False,False,False,False,False,12.487183250761657,264920.020706874143798,264968.020706874143798,-120931.979293125856202,-63046.979293125856202,120931.979293125856202,63046.979293125856202,0.686623531243519
4760,61003,0.070000000000000,2800,1.150000000000000,ST. JOHN'S,610700,11324,2002,100,1208.000000000000000,1592.000000000000000,324.000000000000000,560.000000000000000,22,507770.999999999941792,0.090638773281050,-82.437753999999998,29.608091999999999,06860-290-027,HighSprings_B,True,False,False,0.780000000000000,False,False,False,False,False,False,False,False,True,False,False,False,True,False,False,False,False,False,False,False,False,False,False,False,False,False,False,False,False,False,False,False,False,False,12.881125868257667,392827.501988696574699,404151.501988696574699,-206548.498011303425301,-114943.498011303367093,206548.498011303425301,114943.498011303367093,0.661784021596032
4763,61011,0.040000000000000,1616,1.000000000000000,ST. JOHN'S,340000,557,2000,100,2424.000000000000000,2424.000000000000000,396.000000000000000,1620.000000000000000,24,288443.000000000000000,0.051793584732029,-82.437910000000002,29.608602000000001,06860-290-036,HighSprings_B,True,False,False,0.760000000000000,False,False,False,False,False,False,False,False,True,False,False,False,True,False,False,False,False,False,False,False,False,False,False,False,False,False,False,False,False,False,False,False,False,False,12.341315822149516,228963.028556201083120,229520.028556201083120,-110479.971443798916880,-59479.971443798916880,110479.971443798916880,59479.971443798916880,0.675058907518238
4764,61014,0.070000000000000,2060,1.150000000000000,ST. JOHN'S,503500,2998,2004,100,994.000000000000000,1066.000000000000000,354.000000000000000,528.000000000000000,20,424977.000000000000000,0.090638773281050,-82.437952999999993,29.608765999999999,06860-290-039,HighSprings_B,True,False,False,0.800000000000000,False,False,False,False,False,False,False,False,True,False,False,False,True,False,False,False,False,False,False,False,False,False,False,False,False,False,False,False,False,False,False,False,False,False,12.714270174524897,332458.451882152934559,335456.451882152934559,-168043.548117847065441,-92518.548117847065441,168043.548117847065441,92518.548117847065441,0.666249159646778
4767,61024,0.030000000000000,1712,1.150000000000000,ST. JOHN'S,436900,96,2003,100,680.000000000000000,1031.500000000000000,164.500000000000000,275.500000000000000,21,371269.000000000000000,0.038845188549021,-82.437644000000006,29.609262000000001,06860-290-049,HighSprings_B,True,False,False,0.790000000000000,False,False,False,False,False,False,False,False,True,False,False,False,True,False,False,False,False,False,False,False,False,False,False,False,False,False,False,False,False,False,False,False,False,False,12.504227454511105,269474.071353367296979,269570.071353367296979,-167329.928646632703021,-101794.928646632703021,167329.928646632703021,101794.928646632703021,0.617006343221257
4769,61029,0.060000000000000,1600,1.000000000000000,ST. JOHN'S,461800,2981,2000,100,913.000000000000000,687.000000000000000,346.000000000000000,352.000000000000000,24,389549.000000000000000,0.077690377098043,-82.437465000000003,29.608827999999999,06860-290-054,HighSprings_B,True,False,False,0.760000000000000,False,False,False,False,False,False,False,False,True,False,False,False,True,False,False,False,False,False,False,False,False,False,False,False,False,False,False,False,False,False,False,False,False,False,12.330926720082308,226596.621987098624231,229577.621987098624231,-232222.378012901375769,-162952.378012901375769,232222.378012901375769,162952.378012901375769,0.497136470305541
4770,61032,0.060000000000000,1916,1.150000000000000,ST. JOHN'S,464100,1387,2002,100,958.000000000000000,958.000000000000000,336.000000000000000,528.000000000000000,22,393098.000000000000000,0.077690377098043,-82.437420000000003,29.608597000000000,06860-290-057,HighSprings_B,True,False,False,0.780000000000000,False,False,False,False,False,False,False,False,True,False,False,False,True,False,False,False,False,False,False,False,False,False,False,False,False,False,False,False,False,False,False,False,False,False,12.629194410173664,305344.037037583650090,306731.037037583650090,-157368.962962416349910,-87753.962962416349910,157368.962962416349910,87753.962962416349910,0.660915830720930
4773,61102,0.130000000000000,1706,1.000000000000000,ST. JOHN'S,396000,2659,2005,100,1706.000000000000000,0.000000000000000,339.000000000000000,460.000000000000000,19,333941.000000000000000,0.168329150379093,-82.454229999999995,29.606090999999999,06860-310-002,HighSprings_B,True,False,False,0.810000000000000,False,False,False,False,False,False,False,False,True,False,False,False,True,False,False,False,False,False,False,False,False,False,False,False,False,False,False,False,False,False,False,False,False,False,12.501099470808475,268632.477781580062583,271291.477781580062583,-124708.522218419937417,-65308.522218419937417,124708.522218419937417,65308.522218419937417,0.685079489347424
4775,61110,0.120000000000000,1791,1.000000000000000,ST. JOHN'S,401900,975,2007,100,1791.000000000000000,0.000000000000000,55.000000000000000,529.000000000000000,17,340640.000000000000000,0.155380754196086,-82.453750999999997,29.606331999999998,06860-310-010,HighSprings_B,True,False,False,0.830000000000000,False,False,False,False,False,False,False,False,True,False,False,False,True,False,False,False,False,False,False,False,False,False,False,False,False,False,False,False,False,False,False,False,False,False,12.540366584371011,279390.740436782303732,280365.740436782303732,-121534.259563217696268,-61249.259563217696268,121534.259563217696268,61249.259563217696268,0.697600747541135
4776,61114,0.130000000000000,2425,1.000000000000000,ST. JOHN'S,512400,3034,2009,100,2171.500000000000000,253.000000000000000,336.500000000000000,519.000000000000000,15,432506.000000000000000,0.168329150379093,-82.453074999999998,29.606355000000001,06860-310-014,HighSprings_B,True,False,False,0.850000000000000,False,False,False,False,False,False,False,False,True,False,False,False,True,False,False,False,False,False,False,False,False,False,False,False,False,False,False,False,False,False,False,False,False,False,12.779542328869477,354882.606860582367517,357916.606860582367517,-154483.393139417632483,-77623.393139417632483,154483.393139417632483,77623.393139417632483,0.698510161710738
4780,61158,0.080000000000000,1432,1.000000000000000,ST. JOHN'S,353500,714,2007,100,1432.000000000000000,0.000000000000000,24.000000000000000,448.000000000000000,17,299761.000000000000000,0.103587169464057,-82.453530000000001,29.605793999999999,06860-310-058,HighSprings_B,True,False,False,0.830000000000000,False,False,False,False,False,False,False,False,True,False,False,False,True,False,False,False,False,False,False,False,False,False,False,False,False,False,False,False,False,False,False,False,False,False,12.359992092552661,233279.385249743761960,233993.385249743761960,-119506.614750256238040,-66481.614750256238040,119506.614750256238040,66481.614750256238040,0.661933197311864
4799,61248,0.600000000000000,2688,1.150000000000000,ST. JOHN'S,615000,4318,1998,100,2687.500000000000000,0.000000000000000,485.500000000000000,688.000000000000000,26,518432.000000000000000,0.776903770980430,-82.443296000000004,29.617576000000000,06860-331-052,HighSprings_B,True,False,False,0.740000000000000,False,False,False,False,False,False,False,False,True,False,False,False,True,False,False,False,False,False,False,False,False,False,False,False,False,False,False,False,False,False,False,False,False,False,12.954403370936374,422693.822023204644211,427011.822023204644211,-187988.177976795355789,-95738.177976795355789,187988.177976795355789,95738.177976795355789,0.694328165891390
4827,61350,0.200000000000000,2747,1.150000000000000,ST. JOHN'S,690900,27146,2007,100,5493.000000000000000,0.000000000000000,641.000000000000000,1104.000000000000000,17,560119.000000000000000,0.258967923660143,-82.441930999999997,29.621642000000001,06860-332-148,HighSprings_B,True,False,False,0.830000000000000,False,False,False,False,False,False,False,False,True,False,False,False,True,False,False,False,False,False,False,False,False,False,False,False,False,False,False,False,False,False,False,False,False,False,13.030596760996255,456159.022381632530596,483305.022381632530596,-207594.977618367469404,-103959.977618367469404,207594.977618367469404,103959.977618367469404,0.699529631468566
4831,61364,0.260000000000000,2424,1.150000000000000,ST. JOHN'S,712700,3334,2015,100,2424.000000000000000,0.000000000000000,425.000000000000000,616.000000000000000,9,602461.000000000000000,0.336658300758186,-82.443577000000005,29.620211999999999,06860-332-162,HighSprings_B,True,False,False,0.910000000000000,False,False,False,False,False,False,False,False,True,False,False,False,True,False,False,False,False,False,False,False,False,False,False,False,False,False,False,False,False,False,False,False,False,False,13.055846167999579,467823.406896528322250,471157.406896528322250,-241542.593103471677750,-134637.593103471677750,241542.593103471677750,134637.593103471677750,0.661087984981799
4837,61415,0.290000000000000,3342,1.150000000000000,ST. JOHN'S,795300,24431,2000,100,2833.000000000000000,509.000000000000000,709.000000000000000,768.000000000000000,24,651574.000000000000000,0.375503489307208,-82.438773999999995,29.619340999999999,06860-341-021,HighSprings_B,True,False,False,0.760000000000000,False,False,False,False,False,False,False,False,True,False,False,False,True,False,False,False,False,False,False,False,False,False,False,False,False,False,False,False,False,False,False,False,False,False,13.076750037917815,477705.655303919513244,502136.655303919513244,-293163.344696080486756,-173868.344696080486756,293163.344696080486756,173868.344696080486756,0.631380177673733
4841,61434,0.380000000000000,3010,1.150000000000000,ST. JOHN'S,654200,4128,2000,100,2670.000000000000000,340.000000000000000,602.000000000000000,575.000000000000000,24,551942.000000000000000,0.492039054954272,-82.441160999999994,29.624116000000001,06860-342-010,HighSprings_B,True,False,False,0.760000000000000,False,False,False,False,False,False,False,False,True,False,False,False,True,False,False,False,False,False,False,False,False,False,False,False,False,False,False,False,False,False,False,False,False,False,13.021961955672195,452237.134762520261575,456365.134762520261575,-197834.865237479738425,-99704.865237479738425,197834.865237479738425,99704.865237479738425,0.697592685360013
4846,61460,0.980000000000000,5357,1.400000000000000,ST. JOHN'S,1653800,41994,2008,100,3355.000000000000000,2002.000000000000000,1082.000000000000000,825.000000000000000,16,1363736.000000000000000,1.268942825934701,-82.437402000000006,29.621065000000002,06860-343-003,HighSprings_B,True,False,False,0.840000000000000,False,False,False,False,False,False,False,False,True,False,False,False,True,False,False,False,False,False,False,False,False,False,False,False,False,False,False,False,False,False,False,False,False,False,13.783623955532764,968616.414597924798727,1010610.414597924798727,-643189.585402075201273,-395119.585402075201273,643189.585402075201273,395119.585402075201273,0.611083815816861
4848,61468,1.040000000000000,5360,1.400000000000000,ST. JOHN'S,1382400,38657,2002,100,2974.500000000000000,2385.000000000000000,1195.500000000000000,912.000000000000000,22,1136383.000000000000000,1.346633203032745,-82.437740000000005,29.622738999999999,06860-343-011,HighSprings_B,True,False,False,0.780000000000000,False,False,False,False,False,False,False,False,True,False,False,False,True,False,False,False,False,False,False,False,False,False,False,False,False,False,False,False,False,False,False,False,False,False,13.709121374702169,899074.675163585692644,937731.675163585692644,-444668.324836414307356,-237308.324836414307356,444668.324836414307356,237308.324836414307356,0.678335991871807
4902,61744,0.150000000000000,2292,1.000000000000000,ST. JOHN'S,495000,3171,2005,100,1891.500000000000000,400.000000000000000,426.500000000000000,435.000000000000000,19,417579.000000000000000,0.194225942745107,-82.443721999999994,29.624457000000000,06860-354-033,HighSprings_B,True,False,False,0.810000000000000,False,False,False,False,False,False,False,False,True,False,False,False,True,False,False,False,False,False,False,False,False,False,False,False,False,False,False,False,False,False,False,False,False,False,12.698965241662142,327408.937403033487499,330579.937403033487499,-164420.062596966512501,-90170.062596966512501,164420.062596966512501,90170.062596966512501,0.667838257379866
4904,61747,0.190000000000000,2054,1.000000000000000,ST. JOHN'S,450700,748,2004,100,2054.000000000000000,0.000000000000000,278.000000000000000,420.000000000000000,20,382347.000000000000000,0.246019527477136,-82.444145000000006,29.624815000000002,06860-354-036,HighSprings_B,True,False,False,0.800000000000000,False,False,False,False,False,False,False,False,True,False,False,False,True,False,False,False,False,False,False,False,False,False,False,False,False,False,False,False,False,False,False,False,False,False,12.627800482156713,304918.705938885104842,305666.705938885104842,-145033.294061114895158,-77428.294061114895158,145033.294061114895158,77428.294061114895158,0.678204361967795
4906,61763,0.190000000000000,2327,1.000000000000000,ST. JOHN'S,564200,25438,2010,100,2327.000000000000000,0.000000000000000,399.000000000000000,447.000000000000000,14,454132.000000000000000,0.246019527477136,-82.445083999999994,29.627161000000001,06860-355-008,HighSprings_B,True,False,False,0.860000000000000,False,False,False,False,False,False,False,False,True,False,False,False,True,False,False,False,False,False,False,False,False,False,False,False,False,False,False,False,False,False,False,False,False,False,12.791204410732005,359045.503714494290762,384483.503714494290762,-179716.496285505709238,-95086.496285505709238,179716.496285505709238,95086.496285505709238,0.681466685066456
4907,61764,0.180000000000000,2386,1.000000000000000,ST. JOHN'S,567400,21972,2010,100,2386.000000000000000,0.000000000000000,295.000000000000000,432.000000000000000,14,460317.999999999941792,0.233071131294129,-82.445312000000001,29.627101000000000,06860-355-009,HighSprings_B,True,False,False,0.860000000000000,False,False,False,False,False,False,False,False,True,False,False,False,True,False,False,False,False,False,False,False,False,False,False,False,False,False,False,False,False,False,False,False,False,False,12.799971744370749,362207.215073875850067,384179.215073875850067,-183220.784926124149933,-98110.784926124091726,183220.784926124149933,98110.784926124091726,0.677087090366366
4925,61916,0.160000000000000,2582,1.150000000000000,ST. JOHN'S,634000,960,2007,100,4170.000000000000000,994.000000000000000,644.000000000000000,946.000000000000000,17,537940.000000000000000,0.207174338928115,-82.438770000000005,29.627272000000001,06860-365-009,HighSprings_B,True,False,False,0.830000000000000,False,False,False,False,False,False,False,False,True,False,False,False,True,False,False,False,False,False,False,False,False,False,False,False,False,False,False,False,False,False,False,False,False,False,12.972708812352636,430502.673199217650108,431462.673199217650108,-202537.326800782349892,-107437.326800782349892,202537.326800782349892,107437.326800782349892,0.680540494005075
4942,63007,0.140000000000000,672,1.000000000000000,ST. JOHN'S,188500,2131,2000,100,672.000000000000000,0.000000000000000,0.000000000000000,0.000000000000000,24,158094.000000000000000,0.181277546562100,-82.404523999999995,29.608736000000000,06909-001-023,HighSprings_B,True,False,True,0.760000000000000,False,False,False,False,False,False,False,False,True,False,False,False,True,False,False,False,False,False,False,False,False,False,False,False,False,False,False,False,False,False,False,False,False,False,11.669421354586328,116940.595560175148421,119071.595560175148421,-69428.404439824851579,-41153.404439824851579,69428.404439824851579,41153.404439824851579,0.631679552043369
4944,63014,0.130000000000000,768,1.000000000000000,ST. JOHN'S,194600,342,2000,100,768.000000000000000,0.000000000000000,0.000000000000000,0.000000000000000,24,165068.000000000000000,0.168329150379093,-82.404105000000001,29.608837999999999,06909-001-030,HighSprings_B,True,False,True,0.760000000000000,False,False,False,False,False,False,False,False,True,False,False,False,True,False,False,False,False,False,False,False,False,False,False,False,False,False,False,False,False,False,False,False,False,False,11.748845472739770,126607.303011052354123,126949.303011052354123,-67650.696988947645877,-38460.696988947645877,67650.696988947645877,38460.696988947645877,0.652360241577864
4958,63624,0.080000000000000,2196,1.000000000000000,ST. JOHN'S,462200,644,2008,100,1524.000000000000000,672.000000000000000,565.000000000000000,552.000000000000000,16,392225.999999999941792,0.103587169464057,-82.421273999999997,29.592217000000002,07027-002-082,HighSprings_B,True,False,False,0.840000000000000,False,False,False,False,False,False,False,False,True,False,False,False,True,False,False,False,False,False,False,False,False,False,False,False,False,False,False,False,False,False,False,False,False,False,12.675598999984524,319847.308507555455435,320491.308507555455435,-141708.691492444544565,-72378.691492444486357,141708.691492444544565,72378.691492444486357,0.693403956095966
5361,69237,4.340000000000000,3771,1.150000000000000,ST. JOHN'S,467200,9711,2005,100,3771.000000000000000,0.000000000000000,684.000000000000000,834.000000000000000,19,387409.000000000000000,5.619603943425107,-82.421340999999998,29.571608000000001,07347-011-001,HighSprings_B,True,False,False,0.810000000000000,False,False,False,False,False,False,False,False,True,False,False,False,True,False,False,False,False,False,False,False,False,False,False,False,False,False,False,False,False,False,False,False,False,False,13.413449726215248,668940.051659278571606,678651.051659278571606,211451.051659278571606,281531.051659278571606,211451.051659278571606,281531.051659278571606,1.452592148243319
7381,107167,0.255600000000000,2857,1.000000000000000,ST. JOHN'S,680700,12215,2018,100,2305.000000000000000,552.000000000000000,282.000000000000000,673.000000000000000,6,566380.000000000000000,0.330961006437663,-82.441384999999997,29.593902000000000,07071-100-001,HighSprings_B,True,False,False,0.940000000000000,False,False,False,False,False,False,False,False,True,False,False,False,True,False,False,False,False,False,False,False,False,False,False,False,False,False,False,False,False,False,False,False,False,False,13.045467152971501,462992.971668494516052,475207.971668494516052,-205492.028331505483948,-103387.028331505483948,205492.028331505483948,103387.028331505483948,0.698116603009394
