OID_,prop_id,legal_acreage,living_area,imprv_det_quality_cd,tax_area_description,sl_price,Total_MISC_Val,effective_year_built,imprv_type_cd,base_area,sum_us_area,total_porch_area,total_garage_area,effective_age,Assessment_Val,landiness,CENTROID_X,CENTROID_Y,geo_id,Market_Cluster_ID,in_subdivision,is_townhouse,is_tiny,percent_good,ALACHUA,ARCHER,GAINESVILLE,HAWTHORNE,HIGH_SPRINGS,LACROSSE,MICANOPY,NEWBERRY,ST_JOHNS,SUWANNEE,WALDO,Alachua_Main,Gainesvilleish_Region,Haile,HighSprings_A,HighSprings_B,HighSprings_C,HighSprings_D,HighSprings_E,HighSprings_F,High_Springs_Main,LACROSSE_1,MidtownEast_A,MidtownEast_B,MidtownEast_C,MidtownEast_D,MidtownEast_E,MidtownEast_F,Springtree_A,Springtree_B,Springtree_C,Tioga_A,Tioga_B,Turkey_Creek,WaldoRural_A,WaldoRural_B,WaldoRural_C,West_Outer_Gainesville,West_of_Waldo_rd,swNewberry_A,swNewberry_B,swNewberry_C,predicted_log_Assessment_Val,predicted_Assessment_Val,predicted_Market_Val,Market_Residual,Assessment_Residual,AbsV_Market_Residual,AbsV_Assessment_Residual,sale_ratio
1313,21038,0.370000000000000,2665,1.150000000000000,SUWANNEE,654800,8538,2017,100,2126.000000000000000,539.000000000000000,520.000000000000000,528.000000000000000,7,548042.000000000000000,0.479090658771265,-82.482325000000003,29.654427999999999,04333-010-003,swNewberry_B,True,False,False,0.930000000000000,False,False,False,False,False,False,False,False,False,True,False,False,False,False,False,False,False,False,False,False,False,False,False,False,False,False,False,False,False,False,False,False,False,False,False,False,False,False,False,False,True,False,13.221569507776247,552146.952306591556408,560684.952306591556408,-94115.047693408443592,4104.952306591556408,94115.047693408443592,4104.952306591556408,0.856269016961807
1314,21043,0.410000000000000,3474,1.400000000000000,SUWANNEE,857400,3447,2015,100,2586.000000000000000,616.000000000000000,292.000000000000000,744.000000000000000,9,725342.999999999883585,0.530884243503293,-82.483204000000001,29.653869000000000,04333-010-008,swNewberry_B,True,False,False,0.910000000000000,False,False,False,False,False,False,False,False,False,True,False,False,False,False,False,False,False,False,False,False,False,False,False,False,False,False,False,False,False,False,False,False,False,False,False,False,False,False,False,False,True,False,13.562974169992014,776827.945131295826286,780274.945131295826286,-77125.054868704173714,51484.945131295942701,77125.054868704173714,51484.945131295942701,0.910047754993347
1315,21045,0.280000000000000,3704,1.150000000000000,SUWANNEE,514500,15089,2000,100,2872.000000000000000,2800.000000000000000,3632.000000000000000,1056.000000000000000,24,422236.000000000000000,0.362555093124200,-82.482510000000005,29.653866000000001,04333-010-010,swNewberry_B,True,False,False,0.760000000000000,False,False,False,False,False,False,False,False,False,True,False,False,False,False,False,False,False,False,False,False,False,False,False,False,False,False,False,False,False,False,False,False,False,False,False,False,False,False,False,False,True,False,13.194523559408104,537413.749148915288970,552502.749148915288970,38002.749148915288970,115177.749148915288970,38002.749148915288970,115177.749148915288970,1.073863458015385
1316,21049,0.270000000000000,3572,1.150000000000000,SUWANNEE,624000,7343,1997,100,2468.000000000000000,1104.000000000000000,276.000000000000000,528.000000000000000,27,523056.999999999941792,0.349606696941193,-82.481758999999997,29.653475000000000,04333-010-014,swNewberry_B,True,False,False,0.730000000000000,False,False,False,False,False,False,False,False,False,True,False,False,False,False,False,False,False,False,False,False,False,False,False,False,False,False,False,False,False,False,False,False,False,False,False,False,False,False,False,False,True,False,13.092314938330549,485199.263602095365059,492542.263602095365059,-131457.736397904634941,-37857.736397904576734,131457.736397904634941,37857.736397904576734,0.789330550644384
1317,21055,0.290000000000000,2784,1.150000000000000,SUWANNEE,696200,3659,2000,100,1932.000000000000000,852.000000000000000,272.000000000000000,484.000000000000000,24,588111.000000000000000,0.375503489307208,-82.483226999999999,29.653366999999999,04333-010-020,swNewberry_B,True,False,False,0.760000000000000,False,False,False,False,False,False,False,False,False,True,False,False,False,False,False,False,False,False,False,False,False,False,False,False,False,False,False,False,False,False,False,False,False,False,False,False,False,False,False,False,True,False,12.989167743807069,437646.919237777590752,441305.919237777590752,-254894.080762222409248,-150464.080762222409248,254894.080762222409248,150464.080762222409248,0.633878079916371
1318,21076,0.280000000000000,3356,1.150000000000000,SUWANNEE,778200,30029,2012,100,2220.000000000000000,1136.000000000000000,668.000000000000000,782.000000000000000,12,631441.000000000000000,0.362555093124200,-82.481890000000007,29.652618000000000,04333-020-033,swNewberry_B,True,False,False,0.880000000000000,False,False,False,False,False,False,False,False,False,True,False,False,False,False,False,False,False,False,False,False,False,False,False,False,False,False,False,False,False,False,False,False,False,False,False,False,False,False,False,False,True,False,13.287083762892813,589531.694690658943728,619560.694690658943728,-158639.305309341056272,-41909.305309341056272,158639.305309341056272,41909.305309341056272,0.796145842573450
1319,21078,0.190000000000000,1991,1.150000000000000,SUWANNEE,540400,1376,1999,100,1891.000000000000000,100.000000000000000,464.000000000000000,484.000000000000000,25,457963.999999999941792,0.246019527477136,-82.482348000000002,29.652598999999999,04333-020-035,swNewberry_B,True,False,False,0.750000000000000,False,False,False,False,False,False,False,False,False,True,False,False,False,False,False,False,False,False,False,False,False,False,False,False,False,False,False,False,False,False,False,False,False,False,False,False,False,False,False,False,True,False,12.737197993124434,340169.054835715796798,341545.054835715796798,-198854.945164284203202,-117794.945164284144994,198854.945164284203202,117794.945164284144994,0.632022677342183
1320,21082,0.180000000000000,1865,1.150000000000000,SUWANNEE,430500,637,2009,100,1864.500000000000000,0.000000000000000,509.500000000000000,542.000000000000000,15,365288.000000000000000,0.233071131294129,-82.482595000000003,29.652110000000000,04333-020-039,swNewberry_B,True,False,False,0.850000000000000,False,False,False,False,False,False,False,False,False,True,False,False,False,False,False,False,False,False,False,False,False,False,False,False,False,False,False,False,False,False,False,False,False,False,False,False,False,False,False,False,True,False,12.840769271333581,377289.950892146676779,377926.950892146676779,-52573.049107853323221,12001.950892146676779,52573.049107853323221,12001.950892146676779,0.877879096149005
1321,21086,0.280000000000000,2837,1.150000000000000,SUWANNEE,729100,27427,2010,100,1608.000000000000000,1044.000000000000000,1072.500000000000000,506.000000000000000,14,592308.000000000000000,0.362555093124200,-82.481340000000003,29.651987999999999,04333-020-043,swNewberry_B,True,False,False,0.860000000000000,False,False,False,False,False,False,False,False,False,True,False,False,False,False,False,False,False,False,False,False,False,False,False,False,False,False,False,False,False,False,False,False,False,False,False,False,False,False,False,False,True,False,13.151143551204550,514599.162424737762194,542026.162424737820402,-187073.837575262179598,-77708.837575262237806,187073.837575262179598,77708.837575262237806,0.743418135269151
1322,21087,0.310000000000000,3234,1.150000000000000,SUWANNEE,785800,17677,2009,100,1778.000000000000000,1456.000000000000000,455.000000000000000,528.000000000000000,15,650253.000000000000000,0.401400281673222,-82.481375000000000,29.651751999999998,04333-020-044,swNewberry_B,True,False,False,0.850000000000000,False,False,False,False,False,False,False,False,False,True,False,False,False,False,False,False,False,False,False,False,False,False,False,False,False,False,False,False,False,False,False,False,False,False,False,False,False,False,False,False,True,False,13.221724114005788,552232.324264388647862,569909.324264388647862,-215890.675735611352138,-98020.675735611352138,215890.675735611352138,98020.675735611352138,0.725260020697873
1323,21089,0.180000000000000,1800,1.150000000000000,SUWANNEE,539200,1360,2009,100,1222.000000000000000,578.000000000000000,280.000000000000000,528.000000000000000,15,456960.000000000000000,0.233071131294129,-82.481954999999999,29.651758000000001,04333-020-046,swNewberry_B,True,False,False,0.850000000000000,False,False,False,False,False,False,False,False,False,True,False,False,False,False,False,False,False,False,False,False,False,False,False,False,False,False,False,False,False,False,False,False,False,False,False,False,False,False,False,False,True,False,12.814565749438859,367532.029683609958738,368892.029683609958738,-170307.970316390041262,-89427.970316390041262,170307.970316390041262,89427.970316390041262,0.684146939324202
1324,21092,0.180000000000000,2276,1.150000000000000,SUWANNEE,544800,40601,2003,100,2276.000000000000000,0.000000000000000,249.000000000000000,462.000000000000000,21,422478.999999999941792,0.233071131294129,-82.482568000000001,29.651726000000000,04333-020-049,swNewberry_B,True,False,False,0.790000000000000,False,False,False,False,False,False,False,False,False,True,False,False,False,False,False,False,False,False,False,False,False,False,False,False,False,False,False,False,False,False,False,False,False,False,False,False,False,False,False,False,True,False,12.870873972621181,388820.848424265452195,429421.848424265452195,-115378.151575734547805,-33658.151575734489597,115378.151575734547805,33658.151575734489597,0.788219251880076
1325,21095,0.320000000000000,2627,1.150000000000000,SUWANNEE,666500,4016,2000,100,2299.000000000000000,328.000000000000000,537.000000000000000,484.000000000000000,24,562509.000000000000000,0.414348677856229,-82.483206999999993,29.651890999999999,04333-020-052,swNewberry_B,True,False,False,0.760000000000000,False,False,False,False,False,False,False,False,False,True,False,False,False,False,False,False,False,False,False,False,False,False,False,False,False,False,False,False,False,False,False,False,False,False,False,False,False,False,False,False,True,False,12.965441683449635,427385.494966479716823,431401.494966479716823,-235098.505033520283177,-135123.505033520283177,235098.505033520283177,135123.505033520283177,0.647264058464336
1326,21096,0.350000000000000,4751,1.150000000000000,SUWANNEE,844500,1536,2007,100,1863.000000000000000,2888.000000000000000,1084.000000000000000,768.000000000000000,17,716289.000000000000000,0.453193866405251,-82.483181000000002,29.652125999999999,04333-020-053,swNewberry_B,True,False,False,0.830000000000000,False,False,False,False,False,False,False,False,False,True,False,False,False,False,False,False,False,False,False,False,False,False,False,False,False,False,False,False,False,False,False,False,False,False,False,False,False,False,False,False,True,False,13.453806274686059,696488.300628409255296,698024.300628409255296,-146475.699371590744704,-19800.699371590744704,146475.699371590744704,19800.699371590744704,0.826553345918779
1327,21098,0.270000000000000,2580,1.150000000000000,SUWANNEE,691900,8685,2010,100,1527.500000000000000,1052.000000000000000,608.000000000000000,528.000000000000000,14,579430.000000000000000,0.349606696941193,-82.483185000000006,29.652733000000001,04333-020-055,swNewberry_B,True,False,False,0.860000000000000,False,False,False,False,False,False,False,False,False,True,False,False,False,False,False,False,False,False,False,False,False,False,False,False,False,False,False,False,False,False,False,False,False,False,False,False,False,False,False,False,True,False,13.086960224798560,482608.104189107194543,491293.104189107194543,-200606.895810892805457,-96821.895810892805457,200606.895810892805457,96821.895810892805457,0.710063743588824
1328,21102,0.370000000000000,2495,1.150000000000000,SUWANNEE,594300,1399,2001,100,1900.000000000000000,595.000000000000000,502.000000000000000,463.000000000000000,23,503755.999999999941792,0.479090658771265,-82.483872000000005,29.652018999999999,04333-020-059,swNewberry_B,True,False,False,0.770000000000000,False,False,False,False,False,False,False,False,False,True,False,False,False,False,False,False,False,False,False,False,False,False,False,False,False,False,False,False,False,False,False,False,False,False,False,False,False,False,False,False,True,False,12.958931582253616,424612.209124916116707,426011.209124916116707,-168288.790875083883293,-79143.790875083825085,168288.790875083883293,79143.790875083825085,0.716828553129591
1329,21103,0.370000000000000,2858,1.150000000000000,SUWANNEE,773100,1191,2007,100,1577.500000000000000,1280.000000000000000,834.500000000000000,528.000000000000000,17,655944.000000000000000,0.479090658771265,-82.483870999999994,29.651744000000001,04333-020-060,swNewberry_B,True,False,False,0.830000000000000,False,False,False,False,False,False,False,False,False,True,False,False,False,False,False,False,False,False,False,False,False,False,False,False,False,False,False,False,False,False,False,False,False,False,False,False,False,False,False,False,True,False,13.135645155636713,506685.186422857572325,507876.186422857572325,-265223.813577142427675,-149258.813577142427675,265223.813577142427675,149258.813577142427675,0.656934661004860
1330,21106,0.290000000000000,2614,1.150000000000000,SUWANNEE,612500,1058,2001,100,1943.500000000000000,670.000000000000000,372.000000000000000,520.000000000000000,23,519567.000000000000000,0.375503489307208,-82.483217999999994,29.651009999999999,04333-020-063,swNewberry_B,True,False,False,0.770000000000000,False,False,False,False,False,False,False,False,False,True,False,False,False,False,False,False,False,False,False,False,False,False,False,False,False,False,False,False,False,False,False,False,False,False,False,False,False,False,False,False,True,False,12.968907051745997,428869.112266537384130,429927.112266537384130,-182572.887733462615870,-90697.887733462615870,182572.887733462615870,90697.887733462615870,0.701921815945367
1331,21108,0.400000000000000,2876,1.150000000000000,SUWANNEE,777300,4661,2004,100,2232.000000000000000,594.000000000000000,559.000000000000000,1056.000000000000000,20,656044.000000000000000,0.517935847320286,-82.483870999999994,29.650599000000000,04333-020-065,swNewberry_B,True,False,False,0.800000000000000,False,False,False,False,False,False,False,False,False,True,False,False,False,False,False,False,False,False,False,False,False,False,False,False,False,False,False,False,False,False,False,False,False,False,False,False,False,False,False,False,True,False,13.114172967940945,495921.520277396542951,500582.520277396542951,-276717.479722603457049,-160122.479722603457049,276717.479722603457049,160122.479722603457049,0.644001698542900
1332,21111,0.180000000000000,2728,1.150000000000000,SUWANNEE,578000,3860,2000,100,1812.500000000000000,767.000000000000000,268.500000000000000,462.000000000000000,24,487440.000000000000000,0.233071131294129,-82.482623000000004,29.650577999999999,04333-020-068,swNewberry_B,True,False,False,0.760000000000000,False,False,False,False,False,False,False,False,False,True,False,False,False,False,False,False,False,False,False,False,False,False,False,False,False,False,False,False,False,False,False,False,False,False,False,False,False,False,False,False,True,False,12.938118974830903,415866.250710059655830,419726.250710059655830,-158273.749289940344170,-71573.749289940344170,158273.749289940344170,71573.749289940344170,0.726169983927439
1333,21115,0.170000000000000,2325,1.150000000000000,SUWANNEE,539000,3636,2001,100,2119.500000000000000,0.000000000000000,463.500000000000000,550.000000000000000,23,454514.000000000000000,0.220122735111122,-82.481806000000006,29.650576000000001,04333-020-072,swNewberry_B,True,False,False,0.770000000000000,False,False,False,False,False,False,False,False,False,True,False,False,False,False,False,False,False,False,False,False,False,False,False,False,False,False,False,False,False,False,False,False,False,False,False,False,False,False,False,False,True,False,12.857169615884084,383528.654692762997001,387164.654692762997001,-151835.345307237002999,-70985.345307237002999,151835.345307237002999,70985.345307237002999,0.718301771229616
1334,21116,0.320000000000000,4197,1.400000000000000,SUWANNEE,1038800,15820,2007,100,2426.000000000000000,1771.000000000000000,555.000000000000000,910.000000000000000,17,867159.999999999883585,0.414348677856229,-82.481385000000003,29.650614000000001,04333-020-073,swNewberry_B,True,False,False,0.830000000000000,False,False,False,False,False,False,False,False,False,True,False,False,False,False,False,False,False,False,False,False,False,False,False,False,False,False,False,False,False,False,False,False,False,False,False,False,False,False,False,False,True,False,13.561350618145184,775567.747960845474154,791387.747960845474154,-247412.252039154525846,-91592.252039154409431,247412.252039154525846,91592.252039154409431,0.761828790874899
1335,21124,0.190000000000000,2535,1.150000000000000,SUWANNEE,566200,2279,2002,100,2535.000000000000000,0.000000000000000,176.000000000000000,598.000000000000000,22,478991.000000000000000,0.246019527477136,-82.478995999999995,29.650832999999999,04333-030-080,swNewberry_B,True,False,False,0.780000000000000,False,False,False,False,False,False,False,False,False,True,False,False,False,False,False,False,False,False,False,False,False,False,False,False,False,False,False,False,False,False,False,False,False,False,False,False,False,False,False,False,True,False,12.929733749461736,412393.697890247334726,414672.697890247334726,-151527.302109752665274,-66597.302109752665274,151527.302109752665274,66597.302109752665274,0.732378484440564
1336,21127,0.368300000000000,1741,1.400000000000000,SUWANNEE,636900,2528,2017,100,1149.000000000000000,592.000000000000000,208.000000000000000,506.000000000000000,7,538837.000000000000000,0.476889431420154,-82.478470000000002,29.651216000000002,04333-030-083,swNewberry_B,True,False,False,0.930000000000000,False,False,False,False,False,False,False,False,False,True,False,False,False,False,False,False,False,False,False,False,False,False,False,False,False,False,False,False,False,False,False,False,False,False,False,False,False,False,False,False,True,False,13.143930377340189,510900.624331063241698,513428.624331063241698,-123471.375668936758302,-27936.375668936758302,123471.375668936758302,27936.375668936758302,0.806136951375511
1337,21128,0.360000000000000,2782,1.150000000000000,SUWANNEE,732600,4333,2005,100,3476.000000000000000,2088.000000000000000,1260.000000000000000,968.000000000000000,19,618377.000000000000000,0.466142262588258,-82.478466999999995,29.651491000000000,04333-030-084,swNewberry_B,True,False,False,0.810000000000000,False,False,False,False,False,False,False,False,False,True,False,False,False,False,False,False,False,False,False,False,False,False,False,False,False,False,False,False,False,False,False,False,False,False,False,False,False,False,False,False,True,False,13.103256841137565,490537.418312255176716,494870.418312255176716,-237729.581687744823284,-127839.581687744823284,237729.581687744823284,127839.581687744823284,0.675498796495025
1338,21132,0.190000000000000,2343,1.150000000000000,SUWANNEE,595500,807,2012,100,1867.000000000000000,476.000000000000000,254.500000000000000,457.500000000000000,12,505367.999999999941792,0.246019527477136,-82.479422999999997,29.651319999999998,04333-030-088,swNewberry_B,True,False,False,0.880000000000000,False,False,False,False,False,False,False,False,False,True,False,False,False,False,False,False,False,False,False,False,False,False,False,False,False,False,False,False,False,False,False,False,False,False,False,False,False,False,False,False,True,False,13.018198058800616,450538.160214038915001,451345.160214038915001,-144154.839785961084999,-54829.839785961026791,144154.839785961084999,54829.839785961026791,0.757926381551703
1339,21134,0.160000000000000,2158,1.400000000000000,SUWANNEE,570400,4400,2003,100,1420.000000000000000,738.000000000000000,435.000000000000000,400.000000000000000,21,480440.000000000000000,0.207174338928115,-82.479963999999995,29.651236000000001,04333-030-090,swNewberry_B,True,False,False,0.790000000000000,False,False,False,False,False,False,False,False,False,True,False,False,False,False,False,False,False,False,False,False,False,False,False,False,False,False,False,False,False,False,False,False,False,False,False,False,False,False,False,False,True,False,13.021390311917127,451978.690104798646644,456378.690104798646644,-114021.309895201353356,-28461.309895201353356,114021.309895201353356,28461.309895201353356,0.800102892890601
1340,21140,0.170000000000000,1931,1.400000000000000,SUWANNEE,573800,22877,2007,100,1346.000000000000000,585.000000000000000,375.000000000000000,528.000000000000000,17,464853.000000000000000,0.220122735111122,-82.479928000000001,29.651900999999999,04333-040-094,swNewberry_B,True,False,False,0.830000000000000,False,False,False,False,False,False,False,False,False,True,False,False,False,False,False,False,False,False,False,False,False,False,False,False,False,False,False,False,False,False,False,False,False,False,False,False,False,False,False,False,True,False,13.019539055327652,451142.735598329221830,474019.735598329221830,-99780.264401670778170,-13710.264401670778170,99780.264401670778170,13710.264401670778170,0.826106196581264
1341,21142,0.150000000000000,2203,1.150000000000000,SUWANNEE,565000,3659,2007,100,1206.500000000000000,996.000000000000000,215.500000000000000,484.000000000000000,17,476591.000000000000000,0.194225942745107,-82.479947999999993,29.652229999999999,04333-040-096,swNewberry_B,True,False,False,0.830000000000000,False,False,False,False,False,False,False,False,False,True,False,False,False,False,False,False,False,False,False,False,False,False,False,False,False,False,False,False,False,False,False,False,False,False,False,False,False,False,False,False,True,False,12.893775569083990,397828.214441216434352,401487.214441216434352,-163512.785558783565648,-78762.785558783565648,163512.785558783565648,78762.785558783565648,0.710596839718967
1342,21151,0.200000000000000,1712,1.150000000000000,SUWANNEE,476900,788,2002,100,1711.500000000000000,0.000000000000000,464.500000000000000,516.000000000000000,22,404577.000000000000000,0.258967923660143,-82.479095000000001,29.651812000000000,04333-040-105,swNewberry_B,True,False,False,0.780000000000000,False,False,False,False,False,False,False,False,False,True,False,False,False,False,False,False,False,False,False,False,False,False,False,False,False,False,False,False,False,False,False,False,False,False,False,False,False,False,False,False,True,False,12.694942375269687,326094.460746877652127,326882.460746877652127,-150017.539253122347873,-78482.539253122347873,150017.539253122347873,78482.539253122347873,0.685431874076070
1343,21155,0.170000000000000,1788,1.150000000000000,SUWANNEE,545200,3051,2010,100,1788.000000000000000,0.000000000000000,440.000000000000000,616.000000000000000,14,460368.999999999941792,0.220122735111122,-82.478808000000001,29.652951000000002,04333-040-109,swNewberry_B,True,False,False,0.860000000000000,False,False,False,False,False,False,False,False,False,True,False,False,False,False,False,False,False,False,False,False,False,False,False,False,False,False,False,False,False,False,False,False,False,False,False,False,False,False,False,False,True,False,12.825466026617560,371560.144580007414334,374611.144580007414334,-170588.855419992585666,-88808.855419992527459,170588.855419992585666,88808.855419992527459,0.687107748679397
1344,21156,0.170000000000000,2329,1.150000000000000,SUWANNEE,685600,3412,2018,100,1975.000000000000000,354.000000000000000,270.000000000000000,600.000000000000000,6,579348.000000000000000,0.220122735111122,-82.479077000000004,29.652949000000000,04333-040-110,swNewberry_B,True,False,False,0.940000000000000,False,False,False,False,False,False,False,False,False,True,False,False,False,False,False,False,False,False,False,False,False,False,False,False,False,False,False,False,False,False,False,False,False,False,False,False,False,False,False,False,True,False,13.088092975183482,483155.088444719731342,486567.088444719731342,-199032.911555280268658,-96192.911555280268658,199032.911555280268658,96192.911555280268658,0.709695286529638
1345,21161,0.130000000000000,2246,1.150000000000000,SUWANNEE,548700,3624,2006,100,1280.000000000000000,966.000000000000000,300.000000000000000,420.000000000000000,18,462771.000000000000000,0.168329150379093,-82.479806999999994,29.653053000000000,04333-050-114,swNewberry_B,True,False,False,0.820000000000000,False,False,False,False,False,False,False,False,False,True,False,False,False,False,False,False,False,False,False,False,False,False,False,False,False,False,False,False,False,False,False,False,False,False,False,False,False,False,False,False,True,False,12.879648612000688,392247.623523470712826,395871.623523470712826,-152828.376476529287174,-70523.376476529287174,152828.376476529287174,70523.376476529287174,0.721471885408184
1346,21162,0.160000000000000,2366,1.150000000000000,SUWANNEE,553700,3200,2003,100,2664.000000000000000,2068.000000000000000,572.000000000000000,1012.000000000000000,21,467445.000000000000000,0.207174338928115,-82.479729000000006,29.653219000000000,04333-050-115,swNewberry_B,True,False,False,0.790000000000000,False,False,False,False,False,False,False,False,False,True,False,False,False,False,False,False,False,False,False,False,False,False,False,False,False,False,False,False,False,False,False,False,False,False,False,False,False,False,False,False,True,False,12.906433521671637,402895.910784058622085,406095.910784058622085,-147604.089215941377915,-64549.089215941377915,147604.089215941377915,64549.089215941377915,0.733422269792412
1347,21167,0.190000000000000,2446,1.150000000000000,SUWANNEE,617000,10550,2015,100,1926.000000000000000,520.000000000000000,224.000000000000000,529.000000000000000,9,513899.999999999941792,0.246019527477136,-82.478803999999997,29.653295000000000,04333-050-120,swNewberry_B,True,False,False,0.910000000000000,False,False,False,False,False,False,False,False,False,True,False,False,False,False,False,False,False,False,False,False,False,False,False,False,False,False,False,False,False,False,False,False,False,False,False,False,False,False,False,False,True,False,13.085721002893937,482010.416065642726608,492560.416065642726608,-124439.583934357273392,-31889.583934357215185,124439.583934357273392,31889.583934357215185,0.798315098971868
1348,21169,0.170000000000000,2118,1.150000000000000,SUWANNEE,492300,857,2005,100,2118.000000000000000,0.000000000000000,456.000000000000000,506.000000000000000,19,417598.000000000000000,0.220122735111122,-82.478955999999997,29.653777000000002,04333-050-122,swNewberry_B,True,False,False,0.810000000000000,False,False,False,False,False,False,False,False,False,True,False,False,False,False,False,False,False,False,False,False,False,False,False,False,False,False,False,False,False,False,False,False,False,False,False,False,False,False,False,False,True,False,12.856691285283269,383345.245069648488425,384202.245069648488425,-108097.754930351511575,-34252.754930351511575,108097.754930351511575,34252.754930351511575,0.780423004407167
1349,21187,0.100000000000000,1672,1.000000000000000,SUWANNEE,402000,888,2003,100,1672.000000000000000,0.000000000000000,168.000000000000000,441.000000000000000,21,340812.000000000000000,0.129483961830072,-82.478860999999995,29.654586999999999,04333-050-140,swNewberry_B,True,False,False,0.790000000000000,False,False,False,False,False,False,False,False,False,True,False,False,False,False,False,False,False,False,False,False,False,False,False,False,False,False,False,False,False,False,False,False,False,False,False,False,False,False,False,False,True,False,12.494681436329412,266913.906102288223337,267801.906102288223337,-134198.093897711776663,-73898.093897711776663,134198.093897711776663,73898.093897711776663,0.666173895776836
1350,21188,0.100000000000000,1654,1.000000000000000,SUWANNEE,391400,688,2003,100,1654.000000000000000,0.000000000000000,144.000000000000000,441.000000000000000,21,332002.000000000000000,0.129483961830072,-82.478987000000004,29.654588000000000,04333-050-141,swNewberry_B,True,False,False,0.790000000000000,False,False,False,False,False,False,False,False,False,True,False,False,False,False,False,False,False,False,False,False,False,False,False,False,False,False,False,False,False,False,False,False,False,False,False,False,False,False,False,False,True,False,12.487030176892388,264879.471477850573137,265567.471477850573137,-125832.528522149426863,-67122.528522149426863,125832.528522149426863,67122.528522149426863,0.678506569948520
1351,21197,0.170000000000000,2142,1.150000000000000,SUWANNEE,499600,3456,2004,100,2142.000000000000000,0.000000000000000,485.000000000000000,516.000000000000000,20,421203.999999999941792,0.220122735111122,-82.482218000000003,29.650189999999998,04333-060-149,swNewberry_B,True,False,False,0.800000000000000,False,False,False,False,False,False,False,False,False,True,False,False,False,False,False,False,False,False,False,False,False,False,False,False,False,False,False,False,False,False,False,False,False,False,False,False,False,False,False,False,True,False,12.850001502232967,380789.307413165224716,384245.307413165224716,-115354.692586834775284,-40414.692586834717076,115354.692586834775284,40414.692586834717076,0.769105899545967
1352,21199,0.170000000000000,2692,1.150000000000000,SUWANNEE,767200,3436,2015,100,1875.500000000000000,816.000000000000000,350.500000000000000,495.000000000000000,9,648684.000000000000000,0.220122735111122,-82.482626999999994,29.650193999999999,04333-060-151,swNewberry_B,True,False,False,0.910000000000000,False,False,False,False,False,False,False,False,False,True,False,False,False,False,False,False,False,False,False,False,False,False,False,False,False,False,False,False,False,False,False,False,False,False,False,False,False,False,False,False,True,False,13.137588950570439,507671.036355867050588,511107.036355867050588,-256092.963644132949412,-141012.963644132949412,256092.963644132949412,141012.963644132949412,0.666197909744352
1353,21203,0.340000000000000,4188,1.400000000000000,SUWANNEE,905900,6474,2004,100,2738.000000000000000,1184.000000000000000,412.500000000000000,483.000000000000000,20,763541.000000000000000,0.440245470222243,-82.483862999999999,29.650296999999998,04333-060-155,swNewberry_B,True,False,False,0.800000000000000,False,False,False,False,False,False,False,False,False,True,False,False,False,False,False,False,False,False,False,False,False,False,False,False,False,False,False,False,False,False,False,False,False,False,False,False,False,False,False,False,True,False,13.507555728597911,734948.515349419321865,741422.515349419321865,-164477.484650580678135,-28592.484650580678135,164477.484650580678135,28592.484650580678135,0.818437482447753
1354,21207,0.270000000000000,3244,1.400000000000000,SUWANNEE,870300,24136,2004,100,2333.000000000000000,791.000000000000000,657.000000000000000,576.000000000000000,20,715618.999999999883585,0.349606696941193,-82.483250999999996,29.649777000000000,04333-060-159,swNewberry_B,True,False,False,0.800000000000000,False,False,False,False,False,False,False,False,False,True,False,False,False,False,False,False,False,False,False,False,False,False,False,False,False,False,False,False,False,False,False,False,False,False,False,False,False,False,False,False,True,False,13.338391228294817,620568.472644231515005,644704.472644231515005,-225595.527355768484995,-95050.527355768368579,225595.527355768484995,95050.527355768368579,0.740784180907999
1355,21208,0.200000000000000,2206,1.150000000000000,SUWANNEE,534900,3024,2004,100,1766.000000000000000,440.000000000000000,531.000000000000000,552.000000000000000,20,451641.000000000000000,0.258967923660143,-82.482848000000004,29.649730999999999,04333-060-160,swNewberry_B,True,False,False,0.800000000000000,False,False,False,False,False,False,False,False,False,True,False,False,False,False,False,False,False,False,False,False,False,False,False,False,False,False,False,False,False,False,False,False,False,False,False,False,False,False,False,False,True,False,12.882857983679765,393508.514188716537319,396532.514188716537319,-138367.485811283462681,-58132.485811283462681,138367.485811283462681,58132.485811283462681,0.741320834153518
1356,21212,0.170000000000000,2133,1.150000000000000,SUWANNEE,534400,3515,2006,100,2133.000000000000000,0.000000000000000,267.000000000000000,504.000000000000000,18,450724.999999999941792,0.220122735111122,-82.481983000000000,29.649721000000000,04333-060-164,swNewberry_B,True,False,False,0.820000000000000,False,False,False,False,False,False,False,False,False,True,False,False,False,False,False,False,False,False,False,False,False,False,False,False,False,False,False,False,False,False,False,False,False,False,False,False,False,False,False,False,True,False,12.871804112259506,389182.674355825874954,392697.674355825874954,-141702.325644174125046,-61542.325644174066838,141702.325644174125046,61542.325644174066838,0.734838462492189
1357,21214,0.320000000000000,4571,1.400000000000000,SUWANNEE,1011100,53488,2005,100,4822.000000000000000,4320.000000000000000,743.000000000000000,1750.000000000000000,19,805947.000000000000000,0.414348677856229,-82.481385000000003,29.649761999999999,04333-060-166,swNewberry_B,True,False,False,0.810000000000000,False,False,False,False,False,False,False,False,False,True,False,False,False,False,False,False,False,False,False,False,False,False,False,False,False,False,False,False,False,False,False,False,False,False,False,False,False,False,False,False,True,False,13.600568275411035,806587.993033404112794,860075.993033404112794,-151024.006966595887206,640.993033404112794,151024.006966595887206,640.993033404112794,0.850633956120467
1358,21221,0.200000000000000,1844,1.150000000000000,SUWANNEE,490000,3966,2005,100,1844.000000000000000,0.000000000000000,126.000000000000000,462.000000000000000,19,412533.999999999941792,0.258967923660143,-82.482397000000006,29.649339000000001,04333-070-172,swNewberry_B,True,False,False,0.810000000000000,False,False,False,False,False,False,False,False,False,True,False,False,False,False,False,False,False,False,False,False,False,False,False,False,False,False,False,False,False,False,False,False,False,False,False,False,False,False,False,False,True,False,12.774069179967684,352945.587144584802445,356911.587144584802445,-133088.412855415197555,-59588.412855415139347,133088.412855415197555,59588.412855415139347,0.728390994172622
1359,21222,0.200000000000000,1859,1.150000000000000,SUWANNEE,490000,3857,2005,100,1859.000000000000000,0.000000000000000,168.000000000000000,440.000000000000000,19,412642.999999999941792,0.258967923660143,-82.482633000000007,29.649341000000000,04333-070-173,swNewberry_B,True,False,False,0.810000000000000,False,False,False,False,False,False,False,False,False,True,False,False,False,False,False,False,False,False,False,False,False,False,False,False,False,False,False,False,False,False,False,False,False,False,False,False,False,False,False,False,True,False,12.779915712904561,355015.139101484906860,358872.139101484906860,-131127.860898515093140,-57627.860898515034933,131127.860898515093140,57627.860898515034933,0.732392120615275
1360,21223,0.190000000000000,2086,1.150000000000000,SUWANNEE,572000,3618,2005,100,4172.000000000000000,0.000000000000000,952.000000000000000,1056.000000000000000,19,482582.000000000000000,0.246019527477136,-82.482860000000002,29.649339000000001,04333-070-174,swNewberry_B,True,False,False,0.810000000000000,False,False,False,False,False,False,False,False,False,True,False,False,False,False,False,False,False,False,False,False,False,False,False,False,False,False,False,False,False,False,False,False,False,False,False,False,False,False,False,False,True,False,12.875394608228865,390582.544790133135393,394200.544790133135393,-177799.455209866864607,-91999.455209866864607,177799.455209866864607,91999.455209866864607,0.689161791591142
1361,21224,0.310000000000000,2672,1.150000000000000,SUWANNEE,678000,5521,2005,100,1216.000000000000000,1456.000000000000000,672.000000000000000,650.000000000000000,19,570779.000000000000000,0.401400281673222,-82.483225000000004,29.649300000000000,04333-070-175,swNewberry_B,True,False,False,0.810000000000000,False,False,False,False,False,False,False,False,False,True,False,False,False,False,False,False,False,False,False,False,False,False,False,False,False,False,False,False,False,False,False,False,False,False,False,False,False,False,False,False,True,False,13.054679537325676,467277.947996480157599,472798.947996480157599,-205201.052003519842401,-103501.052003519842401,205201.052003519842401,103501.052003519842401,0.697343581115752
1362,21231,0.190000000000000,2322,1.150000000000000,SUWANNEE,589600,3372,2009,100,1992.000000000000000,330.000000000000000,416.000000000000000,484.000000000000000,15,497788.000000000000000,0.246019527477136,-82.482648999999995,29.648489000000001,04333-070-182,swNewberry_B,True,False,False,0.850000000000000,False,False,False,False,False,False,False,False,False,True,False,False,False,False,False,False,False,False,False,False,False,False,False,False,False,False,False,False,False,False,False,False,False,False,False,False,False,False,False,False,True,False,12.976627984834540,432193.197994676418602,435565.197994676418602,-154034.802005323581398,-65594.802005323581398,154034.802005323581398,65594.802005323581398,0.738746943681609
1363,21233,0.190000000000000,2437,1.150000000000000,SUWANNEE,618000,3528,2004,100,2619.000000000000000,2254.000000000000000,445.000000000000000,1058.000000000000000,20,521772.000000000000000,0.246019527477136,-82.482208999999997,29.648485000000001,04333-070-184,swNewberry_B,True,False,False,0.800000000000000,False,False,False,False,False,False,False,False,False,True,False,False,False,False,False,False,False,False,False,False,False,False,False,False,False,False,False,False,False,False,False,False,False,False,False,False,False,False,False,False,True,False,12.952071609119592,421709.348933259258047,425237.348933259258047,-192762.651066740741953,-100062.651066740741953,192762.651066740741953,100062.651066740741953,0.688086325134724
1364,21246,0.400000000000000,2912,1.150000000000000,SUWANNEE,689600,5080,2005,100,3712.000000000000000,2112.000000000000000,782.000000000000000,1104.000000000000000,19,581080.000000000000000,0.517935847320286,-82.478482000000000,29.650075000000001,04333-080-196,swNewberry_B,True,False,False,0.810000000000000,False,False,False,False,False,False,False,False,False,True,False,False,False,False,False,False,False,False,False,False,False,False,False,False,False,False,False,False,False,False,False,False,False,False,False,False,False,False,False,False,True,False,13.139287357869552,508534.001174994453322,513614.001174994453322,-175985.998825005546678,-72545.998825005546678,175985.998825005546678,72545.998825005546678,0.744799885694598
1365,21247,0.400000000000000,2378,1.150000000000000,SUWANNEE,510000,11172,2006,100,1253.000000000000000,1125.000000000000000,232.000000000000000,484.000000000000000,18,422328.000000000000000,0.517935847320286,-82.478485000000006,29.649771999999999,04333-080-197,swNewberry_B,True,False,False,0.820000000000000,False,False,False,False,False,False,False,False,False,True,False,False,False,False,False,False,False,False,False,False,False,False,False,False,False,False,False,False,False,False,False,False,False,False,False,False,False,False,False,False,True,False,13.004452214760587,444387.502764690376353,455559.502764690376353,-54440.497235309623647,22059.502764690376353,54440.497235309623647,22059.502764690376353,0.893253926989589
1366,21251,0.180000000000000,2347,1.150000000000000,SUWANNEE,510300,3944,2005,100,1891.000000000000000,456.000000000000000,332.000000000000000,483.000000000000000,19,429811.000000000000000,0.233071131294129,-82.479450999999997,29.649985999999998,04333-080-201,swNewberry_B,True,False,False,0.810000000000000,False,False,False,False,False,False,False,False,False,True,False,False,False,False,False,False,False,False,False,False,False,False,False,False,False,False,False,False,False,False,False,False,False,False,False,False,False,False,False,False,True,False,12.921550927754257,409032.922851298586465,412976.922851298586465,-97323.077148701413535,-20778.077148701413535,97323.077148701413535,20778.077148701413535,0.809282623655298
1367,21260,0.140000000000000,2705,1.150000000000000,SUWANNEE,579200,1896,2010,100,2087.000000000000000,618.000000000000000,168.000000000000000,441.000000000000000,14,490424.000000000000000,0.181277546562100,-82.480245999999994,29.649090000000001,04333-080-210,swNewberry_B,True,False,False,0.860000000000000,False,False,False,False,False,False,False,False,False,True,False,False,False,False,False,False,False,False,False,False,False,False,False,False,False,False,False,False,False,False,False,False,False,False,False,False,False,False,False,False,True,False,13.052720857589392,466363.595902307017241,468259.595902307017241,-110940.404097692982759,-24060.404097692982759,110940.404097692982759,24060.404097692982759,0.808459247068900
1368,21265,0.320000000000000,3423,1.150000000000000,SUWANNEE,862300,1854,2006,100,2359.000000000000000,1064.000000000000000,578.000000000000000,660.000000000000000,18,731101.000000000000000,0.414348677856229,-82.479821999999999,29.649151000000000,04333-090-215,swNewberry_B,True,False,False,0.820000000000000,False,False,False,False,False,False,False,False,False,True,False,False,False,False,False,False,False,False,False,False,False,False,False,False,False,False,False,False,False,False,False,False,False,False,False,False,False,False,False,False,True,False,13.223502634635469,553215.354756353073753,555069.354756353073753,-307230.645243646926247,-177885.645243646926247,307230.645243646926247,177885.645243646926247,0.643707937790042
1369,21269,0.220000000000000,3026,1.150000000000000,SUWANNEE,720700,1417,2006,100,2045.000000000000000,981.000000000000000,184.000000000000000,484.000000000000000,18,611178.000000000000000,0.284864716026157,-82.479024999999993,29.649598000000001,04333-090-219,swNewberry_B,True,False,False,0.820000000000000,False,False,False,False,False,False,False,False,False,True,False,False,False,False,False,False,False,False,False,False,False,False,False,False,False,False,False,False,False,False,False,False,False,False,False,False,False,False,False,False,True,False,13.104562917664223,491178.516290136496536,492595.516290136496536,-228104.483709863503464,-119999.483709863503464,228104.483709863503464,119999.483709863503464,0.683495929360533
1370,21272,0.210000000000000,2919,1.400000000000000,SUWANNEE,704000,4050,2007,100,2130.500000000000000,688.000000000000000,486.000000000000000,572.000000000000000,17,594350.000000000000000,0.271916319843150,-82.479523000000000,29.648942000000002,04333-090-222,swNewberry_B,True,False,False,0.830000000000000,False,False,False,False,False,False,False,False,False,True,False,False,False,False,False,False,False,False,False,False,False,False,False,False,False,False,False,False,False,False,False,False,False,False,False,False,False,False,False,False,True,False,13.294203770302079,593744.143261721124873,597794.143261721124873,-106205.856738278875127,-605.856738278875127,106205.856738278875127,605.856738278875127,0.849139408042218
1371,21273,0.140000000000000,2995,1.150000000000000,SUWANNEE,663800,918,2006,100,2095.000000000000000,900.000000000000000,292.000000000000000,484.000000000000000,18,563312.000000000000000,0.181277546562100,-82.479332999999997,29.648558000000001,04333-090-223,swNewberry_B,True,False,False,0.820000000000000,False,False,False,False,False,False,False,False,False,True,False,False,False,False,False,False,False,False,False,False,False,False,False,False,False,False,False,False,False,False,False,False,False,False,False,False,False,False,False,False,True,False,13.065596553144577,472407.175734552321956,473325.175734552321956,-190474.824265447678044,-90904.824265447678044,190474.824265447678044,90904.824265447678044,0.713053895351841
1372,21274,0.110000000000000,2055,1.150000000000000,SUWANNEE,535100,2942,2015,100,2055.000000000000000,0.000000000000000,140.000000000000000,528.000000000000000,9,451893.000000000000000,0.142432358013079,-82.479169999999996,29.648561000000001,04333-090-224,swNewberry_B,True,False,False,0.910000000000000,False,False,False,False,False,False,False,False,False,True,False,False,False,False,False,False,False,False,False,False,False,False,False,False,False,False,False,False,False,False,False,False,False,False,False,False,False,False,False,False,True,False,12.932310579049657,413457.736507166177034,416399.736507166177034,-118700.263492833822966,-38435.263492833822966,118700.263492833822966,38435.263492833822966,0.778171811824269
1373,21279,0.400000000000000,3826,1.150000000000000,SUWANNEE,803600,23449,2006,100,2692.000000000000000,1134.000000000000000,570.000000000000000,528.000000000000000,18,659611.000000000000000,0.517935847320286,-82.478499999999997,29.648260000000001,04333-090-229,swNewberry_B,True,False,False,0.820000000000000,False,False,False,False,False,False,False,False,False,True,False,False,False,False,False,False,False,False,False,False,False,False,False,False,False,False,False,False,False,False,False,False,False,False,False,False,False,False,False,False,True,False,13.305154706946988,600281.929865521844476,623730.929865521844476,-179869.070134478155524,-59329.070134478155524,179869.070134478155524,59329.070134478155524,0.776170893311998
1374,21281,0.150000000000000,2246,1.150000000000000,SUWANNEE,654600,3847,2010,100,2246.000000000000000,0.000000000000000,410.000000000000000,529.000000000000000,14,552563.000000000000000,0.194225942745107,-82.479009000000005,29.648102999999999,04333-090-231,swNewberry_B,True,False,False,0.860000000000000,False,False,False,False,False,False,False,False,False,True,False,False,False,False,False,False,False,False,False,False,False,False,False,False,False,False,False,False,False,False,False,False,False,False,False,False,False,False,False,False,True,False,12.952769547513070,422003.778813775163144,425850.778813775163144,-228749.221186224836856,-130559.221186224836856,228749.221186224836856,130559.221186224836856,0.650551143925718
1375,21283,0.130000000000000,2144,1.150000000000000,SUWANNEE,530400,2318,2006,100,2144.000000000000000,0.000000000000000,140.000000000000000,484.000000000000000,18,448522.000000000000000,0.168329150379093,-82.479349999999997,29.648109000000002,04333-090-233,swNewberry_B,True,False,False,0.820000000000000,False,False,False,False,False,False,False,False,False,True,False,False,False,False,False,False,False,False,False,False,False,False,False,False,False,False,False,False,False,False,False,False,False,False,False,False,False,False,False,False,True,False,12.848975645576322,380398.872466761269607,382716.872466761269607,-147683.127533238730393,-68123.127533238730393,147683.127533238730393,68123.127533238730393,0.721562730895100
1376,21295,0.170000000000000,2336,1.150000000000000,SUWANNEE,560800,4100,2007,100,2740.000000000000000,1932.000000000000000,680.000000000000000,1056.000000000000000,17,472580.000000000000000,0.220122735111122,-82.482579999999999,29.648021000000000,04333-100-244,swNewberry_B,True,False,False,0.830000000000000,False,False,False,False,False,False,False,False,False,True,False,False,False,False,False,False,False,False,False,False,False,False,False,False,False,False,False,False,False,False,False,False,False,False,False,False,False,False,False,False,True,False,12.962617037033112,426179.985430270549841,430279.985430270549841,-130520.014569729450159,-46400.014569729450159,130520.014569729450159,46400.014569729450159,0.767261029654548
1377,21301,0.180000000000000,2689,1.150000000000000,SUWANNEE,720000,27246,2006,100,2113.000000000000000,576.000000000000000,287.000000000000000,572.000000000000000,18,584754.000000000000000,0.233071131294129,-82.481987000000004,29.647629999999999,04333-100-250,swNewberry_B,True,False,False,0.820000000000000,False,False,False,False,False,False,False,False,False,True,False,False,False,False,False,False,False,False,False,False,False,False,False,False,False,False,False,False,False,False,False,False,False,False,False,False,False,False,False,False,True,False,13.022119645624834,452308.453637869737577,479554.453637869737577,-240445.546362130262423,-132445.546362130262423,240445.546362130262423,132445.546362130262423,0.666047852274819
1378,21304,0.170000000000000,2993,1.150000000000000,SUWANNEE,697000,4092,2006,100,1904.000000000000000,1089.000000000000000,391.000000000000000,552.000000000000000,18,588358.000000000000000,0.220122735111122,-82.482595000000003,29.647634000000000,04333-100-253,swNewberry_B,True,False,False,0.820000000000000,False,False,False,False,False,False,False,False,False,True,False,False,False,False,False,False,False,False,False,False,False,False,False,False,False,False,False,False,False,False,False,False,False,False,False,False,False,False,False,False,True,False,13.084928787344285,481628.711135195451789,485720.711135195451789,-211279.288864804548211,-106729.288864804548211,211279.288864804548211,106729.288864804548211,0.696873330179620
1379,21305,0.170000000000000,2350,1.150000000000000,SUWANNEE,629100,14693,2006,100,1986.000000000000000,364.000000000000000,416.000000000000000,484.000000000000000,18,520041.999999999941792,0.220122735111122,-82.482795999999993,29.647635000000001,04333-100-254,swNewberry_B,True,False,False,0.820000000000000,False,False,False,False,False,False,False,False,False,True,False,False,False,False,False,False,False,False,False,False,False,False,False,False,False,False,False,False,False,False,False,False,False,False,False,False,False,False,False,False,True,False,12.933561794041573,413975.384802728192881,428668.384802728192881,-200431.615197271807119,-106066.615197271748912,200431.615197271807119,106066.615197271748912,0.681399435388218
1380,21306,0.170000000000000,1939,1.150000000000000,SUWANNEE,500600,4117,2006,100,1939.000000000000000,0.000000000000000,146.000000000000000,484.000000000000000,18,421393.000000000000000,0.220122735111122,-82.482997999999995,29.647637000000000,04333-100-255,swNewberry_B,True,False,False,0.820000000000000,False,False,False,False,False,False,False,False,False,True,False,False,False,False,False,False,False,False,False,False,False,False,False,False,False,False,False,False,False,False,False,False,False,False,False,False,False,False,False,False,True,False,12.808366423240987,365260.626602224307135,369377.626602224307135,-131222.373397775692865,-56132.373397775692865,131222.373397775692865,56132.373397775692865,0.737869809433129
1381,21307,0.170000000000000,2556,1.150000000000000,SUWANNEE,612800,8433,2006,100,1423.000000000000000,1133.000000000000000,300.000000000000000,506.000000000000000,18,512447.000000000000000,0.220122735111122,-82.483198999999999,29.647638000000001,04333-100-256,swNewberry_B,True,False,False,0.820000000000000,False,False,False,False,False,False,False,False,False,True,False,False,False,False,False,False,False,False,False,False,False,False,False,False,False,False,False,False,False,False,False,False,False,False,False,False,False,False,False,False,True,False,12.984184191973696,435471.308767562266439,443904.308767562266439,-168895.691232437733561,-76975.691232437733561,168895.691232437733561,76975.691232437733561,0.724386926840017
1382,21310,0.210000000000000,3238,1.150000000000000,SUWANNEE,845300,5677,2010,100,4533.000000000000000,1942.000000000000000,866.000000000000000,1112.000000000000000,14,712828.000000000000000,0.271916319843150,-82.483806999999999,29.647691999999999,04333-100-259,swNewberry_B,True,False,False,0.860000000000000,False,False,False,False,False,False,False,False,False,True,False,False,False,False,False,False,False,False,False,False,False,False,False,False,False,False,False,False,False,False,False,False,False,False,False,False,False,False,False,False,True,False,13.224368325172000,553694.475408814381808,559371.475408814381808,-285928.524591185618192,-159133.524591185618192,285928.524591185618192,159133.524591185618192,0.661743139014331
1383,21320,0.170000000000000,2175,1.150000000000000,SUWANNEE,517600,4671,2007,100,2175.000000000000000,0.000000000000000,447.000000000000000,550.000000000000000,17,435289.000000000000000,0.220122735111122,-82.482731999999999,29.647165000000001,04333-111-267,swNewberry_B,True,False,False,0.830000000000000,False,False,False,False,False,False,False,False,False,True,False,False,False,False,False,False,False,False,False,False,False,False,False,False,False,False,False,False,False,False,False,False,False,False,False,False,False,False,False,False,True,False,12.902914300918635,401480.523125126666855,406151.523125126666855,-111448.476874873333145,-33808.476874873333145,111448.476874873333145,33808.476874873333145,0.784682231694603
1384,21323,0.180000000000000,2083,1.150000000000000,SUWANNEE,510000,880,2007,100,4166.000000000000000,0.000000000000000,978.000000000000000,1056.000000000000000,17,432620.000000000000000,0.233071131294129,-82.482112000000001,29.647165000000001,04333-111-270,swNewberry_B,True,False,False,0.830000000000000,False,False,False,False,False,False,False,False,False,True,False,False,False,False,False,False,False,False,False,False,False,False,False,False,False,False,False,False,False,False,False,False,False,False,False,False,False,False,False,False,True,False,12.898739899004431,399808.075224357657135,400688.075224357657135,-109311.924775642342865,-32811.924775642342865,109311.924775642342865,32811.924775642342865,0.785662892596780
1385,21329,0.170000000000000,2293,1.150000000000000,SUWANNEE,567300,4340,2007,100,3625.000000000000000,960.000000000000000,893.000000000000000,1100.000000000000000,17,477864.999999999941792,0.220122735111122,-82.482529999999997,29.646778999999999,04333-111-276,swNewberry_B,True,False,False,0.830000000000000,False,False,False,False,False,False,False,False,False,True,False,False,False,False,False,False,False,False,False,False,False,False,False,False,False,False,False,False,False,False,False,False,False,False,False,False,False,False,False,False,True,False,12.953709270818539,422400.531989628565498,426740.531989628565498,-140559.468010371434502,-55464.468010371376295,140559.468010371434502,55464.468010371376295,0.752230798501020
1386,21333,0.170000000000000,2013,1.150000000000000,SUWANNEE,455500,856,2007,100,4026.000000000000000,0.000000000000000,928.000000000000000,990.000000000000000,17,386319.000000000000000,0.220122735111122,-82.483349000000004,29.646784000000000,04333-111-280,swNewberry_B,True,False,False,0.830000000000000,False,False,False,False,False,False,False,False,False,True,False,False,False,False,False,False,False,False,False,False,False,False,False,False,False,False,False,False,False,False,False,False,False,False,False,False,False,False,False,False,True,False,12.871544857946468,389081.790146837709472,389937.790146837709472,-65562.209853162290528,2762.790146837709472,65562.209853162290528,2762.790146837709472,0.856065400980983
1387,21339,0.480000000000000,3730,1.150000000000000,SUWANNEE,975200,29043,2012,100,2730.500000000000000,999.000000000000000,534.000000000000000,770.000000000000000,12,799877.000000000000000,0.621523016784344,-82.484784000000005,29.647724000000000,04333-112-285,swNewberry_B,True,False,False,0.880000000000000,False,False,False,False,False,False,False,False,False,True,False,False,False,False,False,False,False,False,False,False,False,False,False,False,False,False,False,False,False,False,False,False,False,False,False,False,False,False,False,False,True,False,13.392896693687206,655331.631216039415449,684374.631216039415449,-290825.368783960584551,-144545.368783960584551,290825.368783960584551,144545.368783960584551,0.701778744068949
1388,21350,0.290000000000000,3593,1.400000000000000,SUWANNEE,892900,4550,2008,100,3592.500000000000000,0.000000000000000,152.000000000000000,802.000000000000000,16,754415.000000000000000,0.375503489307208,-82.485682999999995,29.646701000000000,04333-112-296,swNewberry_B,True,False,False,0.840000000000000,False,False,False,False,False,False,False,False,False,True,False,False,False,False,False,False,False,False,False,False,False,False,False,False,False,False,False,False,False,False,False,False,False,False,False,False,False,False,False,False,True,False,13.460948081160485,701480.289975937339477,706030.289975937339477,-186869.710024062660523,-52934.710024062660523,186869.710024062660523,52934.710024062660523,0.790715970406470
1389,21353,0.340000000000000,4392,1.400000000000000,SUWANNEE,1201200,10492,2010,100,2566.000000000000000,1826.000000000000000,964.000000000000000,775.000000000000000,14,1010527.999999999883585,0.440245470222243,-82.485716999999994,29.645807999999999,04333-112-299,swNewberry_B,True,False,False,0.860000000000000,False,False,False,False,False,False,False,False,False,True,False,False,False,False,False,False,False,False,False,False,False,False,False,False,False,False,False,False,False,False,False,False,False,False,False,False,False,False,False,False,True,False,13.635655853319101,835391.581110028200783,845883.581110028200783,-355316.418889971799217,-175136.418889971682802,355316.418889971799217,175136.418889971682802,0.704198785472884
1390,21354,0.340000000000000,3869,1.400000000000000,SUWANNEE,1179100,21993,2015,100,6064.000000000000000,1674.000000000000000,1258.000000000000000,1564.000000000000000,9,980242.000000000000000,0.440245470222243,-82.486125999999999,29.645838000000001,04333-112-300,swNewberry_B,True,False,False,0.910000000000000,False,False,False,False,False,False,False,False,False,True,False,False,False,False,False,False,False,False,False,False,False,False,False,False,False,False,False,False,False,False,False,False,False,False,False,False,False,False,False,False,True,False,13.638761296381658,837989.874437986756675,859982.874437986756675,-319117.125562013243325,-142252.125562013243325,319117.125562013243325,142252.125562013243325,0.729355334100574
1391,21355,0.280000000000000,2622,1.150000000000000,SUWANNEE,833900,33344,2015,100,2621.500000000000000,0.000000000000000,542.500000000000000,483.000000000000000,9,675471.000000000000000,0.362555093124200,-82.486124000000004,29.646148000000000,04333-112-301,swNewberry_B,True,False,False,0.910000000000000,False,False,False,False,False,False,False,False,False,True,False,False,False,False,False,False,False,False,False,False,False,False,False,False,False,False,False,False,False,False,False,False,False,False,False,False,False,False,False,False,True,False,13.162878155968979,520673.349599158682395,554017.349599158624187,-279882.650400841375813,-154797.650400841317605,279882.650400841375813,154797.650400841317605,0.664369048565965
1392,21356,0.280000000000000,2184,1.150000000000000,SUWANNEE,623700,1314,2013,100,1317.000000000000000,867.000000000000000,329.000000000000000,598.000000000000000,11,528831.000000000000000,0.362555093124200,-82.486121999999995,29.646422999999999,04333-112-302,swNewberry_B,True,False,False,0.890000000000000,False,False,False,False,False,False,False,False,False,True,False,False,False,False,False,False,False,False,False,False,False,False,False,False,False,False,False,False,False,False,False,False,False,False,False,False,False,False,False,False,True,False,13.025441976318927,453813.670926855003927,455127.670926855003927,-168572.329073144996073,-75017.329073144996073,168572.329073144996073,75017.329073144996073,0.729722095441486
1393,21362,0.340000000000000,4578,1.150000000000000,SUWANNEE,1207200,29085,2011,100,2462.500000000000000,2060.000000000000000,1222.500000000000000,780.000000000000000,13,997034.999999999883585,0.440245470222243,-82.486661999999995,29.645841999999998,04333-112-308,swNewberry_B,True,False,False,0.870000000000000,False,False,False,False,False,False,False,False,False,True,False,False,False,False,False,False,False,False,False,False,False,False,False,False,False,False,False,False,False,False,False,False,False,False,False,False,False,False,False,False,True,False,13.484363834824741,718099.799453607061878,747184.799453607061878,-460015.200546392938122,-278935.200546392821707,460015.200546392938122,278935.200546392821707,0.618940357400271
1394,21366,0.290000000000000,3105,1.400000000000000,SUWANNEE,845000,1544,2015,100,3105.000000000000000,0.000000000000000,605.000000000000000,726.000000000000000,9,716706.000000000000000,0.375503489307208,-82.487097000000006,29.646477000000001,04333-113-311,swNewberry_B,True,False,False,0.910000000000000,False,False,False,False,False,False,False,False,False,True,False,False,False,False,False,False,False,False,False,False,False,False,False,False,False,False,False,False,False,False,False,False,False,False,False,False,False,False,False,False,True,False,13.470640145278544,708312.135788101120852,709856.135788101120852,-135143.864211898879148,-8393.864211898879148,135143.864211898879148,8393.864211898879148,0.840066432885327
1395,21370,0.450000000000000,4547,1.150000000000000,SUWANNEE,1472600,89493,2016,100,3782.000000000000000,765.000000000000000,1112.000000000000000,1133.000000000000000,8,1162217.000000000000000,0.582677828235322,-82.487666000000004,29.647283999999999,04333-113-315,swNewberry_B,True,False,False,0.920000000000000,False,False,False,False,False,False,False,False,False,True,False,False,False,False,False,False,False,False,False,False,False,False,False,False,False,False,False,False,False,False,False,False,False,False,False,False,False,False,False,False,True,False,13.573921910519001,785379.178845218615606,874872.178845218615606,-597727.821154781384394,-376837.821154781384394,597727.821154781384394,376837.821154781384394,0.594100352332757
1396,21371,0.300000000000000,3575,1.400000000000000,SUWANNEE,1013800,16456,2013,100,2319.000000000000000,1256.000000000000000,617.000000000000000,800.000000000000000,11,845274.000000000000000,0.388451885490215,-82.487662999999998,29.646775000000002,04333-113-316,swNewberry_B,True,False,False,0.890000000000000,False,False,False,False,False,False,False,False,False,True,False,False,False,False,False,False,False,False,False,False,False,False,False,False,False,False,False,False,False,False,False,False,False,False,False,False,False,False,False,False,True,False,13.536486605971715,756521.782793926191516,772977.782793926191516,-240822.217206073808484,-88752.217206073808484,240822.217206073808484,88752.217206073808484,0.762455891491346
1397,21383,0.500000000000000,3706,1.150000000000000,SUWANNEE,773100,28507,2012,100,2202.000000000000000,1504.000000000000000,573.000000000000000,576.000000000000000,12,628628.000000000000000,0.647419809150358,-82.488718000000006,29.645861000000000,04333-113-328,swNewberry_B,True,False,False,0.880000000000000,False,False,False,False,False,False,False,False,False,True,False,False,False,False,False,False,False,False,False,False,False,False,False,False,False,False,False,False,False,False,False,False,False,False,False,False,False,False,False,False,True,False,13.386793058574845,651343.908244480961002,679850.908244480961002,-93249.091755519038998,22715.908244480961002,93249.091755519038998,22715.908244480961002,0.879382884807245
7249,105666,0.270000000000000,2823,1.400000000000000,SUWANNEE,958000,24192,2015,100,2168.000000000000000,655.000000000000000,460.000000000000000,484.000000000000000,9,790108.000000000000000,0.349606696941193,-82.484173999999996,29.646073999999999,04333-114-330,swNewberry_B,True,False,False,0.910000000000000,False,False,False,False,False,False,False,False,False,True,False,False,False,False,False,False,False,False,False,False,False,False,False,False,False,False,False,False,False,False,False,False,False,False,False,False,False,False,False,False,True,False,13.396487214646573,657688.842449026997201,681880.842449026997201,-276119.157550973002799,-132419.157550973002799,276119.157550973002799,132419.157550973002799,0.711775409654517
7250,105668,0.180000000000000,1991,1.150000000000000,SUWANNEE,617000,32319,2015,100,1991.000000000000000,0.000000000000000,406.000000000000000,462.000000000000000,9,492130.999999999941792,0.233071131294129,-82.483733000000001,29.646394999999998,04333-114-332,swNewberry_B,True,False,False,0.910000000000000,False,False,False,False,False,False,False,False,False,True,False,False,False,False,False,False,False,False,False,False,False,False,False,False,False,False,False,False,False,False,False,False,False,False,False,False,False,False,False,False,True,False,12.955634798442006,423214.659443049808033,455533.659443049808033,-161466.340556950191967,-68916.340556950133760,161466.340556950191967,68916.340556950133760,0.738304148205915
7251,105670,0.140000000000000,3956,1.400000000000000,SUWANNEE,998600,17318,2016,100,1908.000000000000000,2048.000000000000000,620.000000000000000,828.000000000000000,8,831492.000000000000000,0.181277546562100,-82.483734999999996,29.646099000000000,04333-114-334,swNewberry_B,True,False,False,0.920000000000000,False,False,False,False,False,False,False,False,False,True,False,False,False,False,False,False,False,False,False,False,False,False,False,False,False,False,False,False,False,False,False,False,False,False,False,False,False,False,False,False,True,False,13.578190762341997,788739.012398156104609,806057.012398156104609,-192542.987601843895391,-42752.987601843895391,192542.987601843895391,42752.987601843895391,0.807187074302179
7252,105676,0.140000000000000,2181,1.150000000000000,SUWANNEE,512500,1208,2015,100,2016.000000000000000,0.000000000000000,307.000000000000000,462.000000000000000,9,434417.000000000000000,0.181277546562100,-82.483103999999997,29.646232999999999,04333-114-340,swNewberry_B,True,False,False,0.910000000000000,False,False,False,False,False,False,False,False,False,True,False,False,False,False,False,False,False,False,False,False,False,False,False,False,False,False,False,False,False,False,False,False,False,False,False,False,False,False,False,False,True,False,12.990297168459390,438141.487693707691506,439349.487693707691506,-73150.512306292308494,3724.487693707691506,73150.512306292308494,3724.487693707691506,0.857267293060893
7328,106417,0.100000000000000,2411,1.150000000000000,SUWANNEE,613400,10765,2018,100,1506.000000000000000,905.000000000000000,209.000000000000000,483.000000000000000,6,510625.000000000000000,0.129483961830072,-82.479674000000003,29.646812000000001,04333-115-361,swNewberry_B,True,False,False,0.940000000000000,False,False,False,False,False,False,False,False,False,True,False,False,False,False,False,False,False,False,False,False,False,False,False,False,False,False,False,False,False,False,False,False,False,False,False,False,False,False,False,False,True,False,13.061751323259495,470594.149529682064895,481359.149529682064895,-132040.850470317935105,-40030.850470317935105,132040.850470317935105,40030.850470317935105,0.784739402558986
7329,106419,0.120000000000000,2291,1.150000000000000,SUWANNEE,577400,7620,2017,100,1500.500000000000000,790.000000000000000,253.500000000000000,536.000000000000000,7,483170.000000000000000,0.155380754196086,-82.479439999999997,29.646803999999999,04333-115-363,swNewberry_B,True,False,False,0.930000000000000,False,False,False,False,False,False,False,False,False,True,False,False,False,False,False,False,False,False,False,False,False,False,False,False,False,False,False,False,False,False,False,False,False,False,False,False,False,False,False,False,True,False,13.035492495088102,458397.731248985684942,466017.731248985684942,-111382.268751014315058,-24772.268751014315058,111382.268751014315058,24772.268751014315058,0.807096867421174
7330,106422,0.140000000000000,2339,1.150000000000000,SUWANNEE,524300,21621,2016,100,1233.000000000000000,1106.000000000000000,280.000000000000000,484.000000000000000,8,424034.000000000000000,0.181277546562100,-82.479112999999998,29.647082000000001,04333-115-366,swNewberry_B,True,False,False,0.920000000000000,False,False,False,False,False,False,False,False,False,True,False,False,False,False,False,False,False,False,False,False,False,False,False,False,False,False,False,False,False,False,False,False,False,False,False,False,False,False,False,False,True,False,13.046453204748868,463449.731868711591233,485070.731868711591233,-39229.268131288408767,39415.731868711591233,39229.268131288408767,39415.731868711591233,0.925177821607308
7331,106429,0.370000000000000,3604,1.400000000000000,SUWANNEE,997900,35898,2016,100,2512.000000000000000,1092.000000000000000,800.000000000000000,506.000000000000000,8,812317.000000000000000,0.479090658771265,-82.478509000000003,29.647390999999999,04333-115-373,swNewberry_B,True,False,False,0.920000000000000,False,False,False,False,False,False,False,False,False,True,False,False,False,False,False,False,False,False,False,False,False,False,False,False,False,False,False,False,False,False,False,False,False,False,False,False,False,False,False,False,True,False,13.588975916910027,797291.722808784572408,833189.722808784572408,-164710.277191215427592,-15025.277191215427592,164710.277191215427592,15025.277191215427592,0.834943103325769
7406,107689,0.346600000000000,3509,1.400000000000000,SUWANNEE,999800,68157,2018,100,3509.000000000000000,0.000000000000000,688.000000000000000,885.000000000000000,6,781673.000000000000000,0.448791411703028,-82.488763000000006,29.643578000000002,04333-117-385,swNewberry_B,True,False,False,0.940000000000000,False,False,False,False,False,False,False,False,False,True,False,False,False,False,False,False,False,False,False,False,False,False,False,False,False,False,False,False,False,False,False,False,False,False,False,False,False,False,False,False,True,False,13.602504918843948,808151.579939638031647,876308.579939638031647,-123491.420060361968353,26478.579939638031647,123491.420060361968353,26478.579939638031647,0.876483876714981
7407,107690,0.364000000000000,3371,1.400000000000000,SUWANNEE,1078100,51351,2018,100,2478.000000000000000,893.000000000000000,776.000000000000000,759.000000000000000,6,865034.000000000000000,0.471321621061461,-82.488765000000001,29.643295999999999,04333-117-386,swNewberry_B,True,False,False,0.940000000000000,False,False,False,False,False,False,False,False,False,True,False,False,False,False,False,False,False,False,False,False,False,False,False,False,False,False,False,False,False,False,False,False,False,False,False,False,False,False,False,False,True,False,13.579322529273879,789632.186467373394407,840983.186467373394407,-237116.813532626605593,-75401.813532626605593,237116.813532626605593,75401.813532626605593,0.780060464212386
7408,107696,0.273800000000000,3056,1.400000000000000,SUWANNEE,885800,17015,2018,100,2510.000000000000000,545.899999999999977,586.000000000000000,678.000000000000000,6,735915.000000000000000,0.354527087490736,-82.487949999999998,29.642776999999999,04333-117-392,swNewberry_B,True,False,False,0.940000000000000,False,False,False,False,False,False,False,False,False,True,False,False,False,False,False,False,False,False,False,False,False,False,False,False,False,False,False,False,False,False,False,False,False,False,False,False,False,False,False,False,True,False,13.492395084246677,723890.259242121479474,740905.259242121479474,-144894.740757878520526,-12024.740757878520526,144894.740757878520526,12024.740757878520526,0.836424993499798
7409,107703,0.265500000000000,2782,1.400000000000000,SUWANNEE,866900,6439,2018,100,2781.900000000000091,0.000000000000000,608.000000000000000,690.000000000000000,6,730425.999999999883585,0.343779918658840,-82.488213999999999,29.644546999999999,04333-117-399,swNewberry_B,True,False,False,0.940000000000000,False,False,False,False,False,False,False,False,False,True,False,False,False,False,False,False,False,False,False,False,False,False,False,False,False,False,False,False,False,False,False,False,False,False,False,False,False,False,False,False,True,False,13.432631968387646,681895.683504085289314,688334.683504085289314,-178565.316495914710686,-48530.316495914594270,178565.316495914710686,48530.316495914594270,0.794018552894319
7410,107710,0.163600000000000,2189,1.150000000000000,SUWANNEE,775100,23915,2017,100,2188.500000000000000,0.000000000000000,810.000000000000000,592.000000000000000,7,634920.000000000000000,0.211835761553997,-82.487725999999995,29.643453999999998,04333-117-406,swNewberry_B,True,False,False,0.930000000000000,False,False,False,False,False,False,False,False,False,True,False,False,False,False,False,False,False,False,False,False,False,False,False,False,False,False,False,False,False,False,False,False,False,False,False,False,False,False,False,False,True,False,13.041153549933348,461000.105087065370753,484915.105087065370753,-290184.894912934629247,-173919.894912934629247,290184.894912934629247,173919.894912934629247,0.625616185120714
7426,300015,0.160000000000000,2750,1.150000000000000,SUWANNEE,865000,0,2021,100,2222.000000000000000,528.000000000000000,639.000000000000000,528.000000000000000,3,735250.000000000000000,0.207174338928115,-82.482096999999996,29.644490999999999,04333-118-414,swNewberry_B,True,False,False,0.970000000000000,False,False,False,False,False,False,False,False,False,True,False,False,False,False,False,False,False,False,False,False,False,False,False,False,False,False,False,False,False,False,False,False,False,False,False,False,False,False,False,False,True,False,13.225190536637566,554149.916563728125766,554149.916563728125766,-310850.083436271874234,-181100.083436271874234,310850.083436271874234,181100.083436271874234,0.640635741692171
7427,300022,0.130000000000000,2310,1.150000000000000,SUWANNEE,690500,1904,2021,100,2310.000000000000000,0.000000000000000,274.000000000000000,400.000000000000000,3,585021.000000000000000,0.168329150379093,-82.482427999999999,29.644110000000001,04333-118-421,swNewberry_B,True,False,False,0.970000000000000,False,False,False,False,False,False,False,False,False,True,False,False,False,False,False,False,False,False,False,False,False,False,False,False,False,False,False,False,False,False,False,False,False,False,False,False,False,False,False,False,True,False,13.090431584332400,484286.321595432527829,486190.321595432527829,-204309.678404567472171,-100734.678404567472171,204309.678404567472171,100734.678404567472171,0.704113427364855
7473,502275,0.410000000000000,5047,1.400000000000000,SUWANNEE,1600500,31701,2022,100,3173.000000000000000,1874.000000000000000,3345.000000000000000,744.000000000000000,2,1328724.000000000000000,0.530884243503293,-82.481184999999996,29.643042000000001,04333-119-438,swNewberry_B,True,False,False,0.980000000000000,False,False,False,False,False,False,False,False,False,True,False,False,False,False,False,False,False,False,False,False,False,False,False,False,False,False,False,False,False,False,False,False,False,False,False,False,False,False,False,False,True,False,13.894839021104911,1082559.844685593619943,1114260.844685593619943,-486239.155314406380057,-246164.155314406380057,486239.155314406380057,246164.155314406380057,0.696195466845107
