Unnamed: 0,prop_id,legal_acreage,living_area,imprv_det_quality_cd,tax_area_description,abs_subdv_cd,sl_price,effective_year_built,imprv_type_cd,base_area,actual_year_built,prop_val_yr,sup_num,CENTROID_X,CENTROID_y,geo_id,sum_us_area,total_porch_area,total_garage_area,effective_age,actual_age,has_canal,has_lake,number_of_baths,MISC_Val,hood_cd,sl_county_ratio_cd
0,107248,0.2354,1985,3,ALACHUA,2594,437200,2017,100,1985.0,2017,2022,0,-82.5206312,29.80858463,03053-020-074,0.0,210.0,380.0,4,4,0,0,3.0,1984,233208.02,1
1,106546,0.37,4188,5,SUWANNEE,255203,993100,2018,100,2448.2,2018,2022,0,-82.46478621,29.6216274,04427-111-191,1740.0,300.0,692.0,3,3,0,0,4.5,9708,215212.06,1
2,106422,0.14,2339,4,SUWANNEE,199315,524300,2016,100,1233.0,2016,2022,0,-82.47911276,29.64708229,04333-115-366,1106.0,280.0,484.0,5,5,0,0,3.5,851,215202.07,1
3,106388,0.14,1454,3,HIGH SPRINGS,246701,268100,2016,100,1454.0,2016,2022,0,-82.54841508,29.80790287,03034-020-103,0.0,98.0,483.0,5,5,0,0,2.0,1338,223100.15,1
4,106334,0.24,1667,4,NEWBERRY,257100,360000,2017,100,1667.0,2017,2022,0,-82.60372335,29.63547527,02544-010-027,0.0,224.0,462.0,4,4,0,0,2.0,1950,215104.09,1
5,105951,0.14,2450,4,GAINESVILLE,256101,527300,2015,100,1344.0,2015,2022,0,-82.3951029,29.59416526,06985-020-046,1106.0,314.0,380.0,6,6,0,0,2.0,11044,125327.02,1
6,105666,0.27,2823,5,SUWANNEE,199314,958000,2015,100,2168.0,2015,2022,0,-82.48417434,29.64607395,04333-114-330,655.0,460.0,484.0,6,6,0,0,3.0,17806,215202.07,1
7,105651,0.47,2630,5,SUWANNEE,240004,741000,2018,100,2122.5,2018,2022,0,-82.48762373,29.67826819,04222-300-181,507.0,260.5,584.0,3,3,0,0,3.5,23058,134227.01,1
8,105484,0.23,2001,3,NEWBERRY,236107,370900,2017,100,2001.0,2017,2022,0,-82.59011546,29.66387955,01901-080-146,0.0,307.0,420.0,4,4,0,0,2.0,1552,224100.01,1
9,104634,1.0,912,3,ST. JOHN'S,0,45200,1977,100,912.0,1969,2022,0,-82.10318534,29.4540413,20247-000-000,0.0,0.0,0.0,44,52,0,0,1.0,1041,217600.0,1
10,104394,2.39,525,2,ST. JOHN'S,118200,138600,1979,100,525.0,1979,2022,0,-82.10351477,29.49929171,20093-000-000,0.0,0.0,0.0,42,42,0,1,1.0,238,216621.02,1
11,103841,0.99,1612,3,ST. JOHN'S,63100,153000,1991,100,1612.0,1991,2022,0,-82.05660199,29.56317881,19956-010-031,0.0,138.0,0.0,30,30,0,0,2.0,7378,216601.01,1
12,103489,5.28,1804,3,ST. JOHN'S,0,354500,2005,100,1804.0,2000,2022,0,-82.13340597,29.60033521,19858-002-000,0.0,170.0,408.0,16,21,0,0,2.0,6984,315600.42,1
13,103465,1.13,1120,3,ST. JOHN'S,0,163000,1992,100,1120.0,1974,2022,0,-82.13389411,29.58781603,19857-004-000,0.0,42.0,0.0,29,47,0,0,1.0,2553,315600.4,1
14,103416,6.38,2268,3,HAWTHORNE,0,350400,1992,100,2268.0,1979,2022,0,-82.11284377,29.59651089,19843-003-000,0.0,144.0,660.0,29,42,0,0,2.0,17123,315600.42,1
15,102919,0.33,840,2,HAWTHORNE,88700,98200,1980,100,792.0,1951,2022,0,-82.08501619,29.58820985,19595-000-000,0.0,208.0,0.0,41,70,0,0,1.5,262,346100.5,1
16,102431,0.41,864,3,HAWTHORNE,88700,81500,1982,100,864.0,1920,2022,0,-82.08566732,29.5879116,19480-000-000,0.0,216.0,0.0,39,101,0,0,1.0,948,346100.9,1
17,101313,7.36,2147,3,ST. JOHN'S,0,414800,2000,100,2147.0,1962,2022,0,-82.05508273,29.69770945,18878-001-000,0.0,346.0,0.0,21,59,0,0,2.0,3082,314600.42,1
18,101312,2.44,2439,3,ST. JOHN'S,0,460400,2005,100,1386.0,1966,2022,0,-82.0547915,29.69901986,18878-000-000,1053.0,567.0,0.0,16,55,0,0,2.0,1208,314600.4,1
19,100922,0.52,1167,3,SUWANNEE,31200,262100,1990,100,1167.0,1975,2022,0,-82.06627221,29.71191288,18772-022-000,0.0,130.0,315.0,31,46,1,0,2.0,1662,313600.24,1
20,100910,0.53,1488,3,SUWANNEE,31200,272600,1995,100,1488.0,1995,2022,0,-82.06539082,29.7106729,18772-010-000,0.0,312.0,462.0,26,26,1,0,2.0,1403,313600.24,1
21,100907,0.51,2174,4,SUWANNEE,31200,332000,1988,100,1904.0,1988,2022,0,-82.06534607,29.7114965,18772-007-000,0.0,270.0,552.0,33,33,1,0,2.0,9148,313600.24,1
22,100796,1.6,960,3,SUWANNEE,0,581600,1997,100,480.0,1950,2022,0,-82.05055545,29.71292052,18729-000-000,480.0,384.0,0.0,24,71,0,1,1.0,3240,314600.21,1
23,100748,0.49,3036,5,SUWANNEE,210600,900600,2010,100,2207.5,2010,2022,0,-82.07748981,29.7193681,18689-005-000,828.0,1063.5,576.0,11,11,0,1,2.5,10651,314600.21,1
25,100718,0.24,1218,3,SUWANNEE,0,320400,1992,100,608.0,1940,2022,0,-82.08721123,29.72443634,18673-003-000,610.0,0.0,0.0,29,81,0,1,2.0,2572,313600.2,1
26,100372,10.0,1126,3,ST. JOHN'S,111400,203900,1980,100,1126.0,1900,2022,0,-82.14577369,29.74002006,18550-010-010,0.0,0.0,0.0,41,121,0,0,1.0,5556,314600.42,1
27,100084,1.06,2008,3,SUWANNEE,17100,322800,2004,100,1792.0,1982,2022,0,-82.10618438,29.76059584,18463-030-003,0.0,256.0,744.0,17,39,0,0,2.0,3386,313633.02,1
28,99817,0.57,2232,3,SUWANNEE,14300,908000,1992,100,2232.0,1979,2022,0,-82.09700305,29.76189317,18396-022-000,0.0,112.0,702.0,29,42,0,1,2.0,2783,313600.2,1
29,99768,1.01,1880,4,SUWANNEE,16900,329200,1997,100,1880.0,1997,2022,0,-82.10677839,29.76336817,18395-016-000,0.0,148.0,737.0,24,24,0,0,2.0,5243,313633.02,1
30,99732,1.11,1115,3,SUWANNEE,0,232200,1982,100,1115.0,1965,2022,0,-82.10924856,29.78270201,18389-002-000,0.0,0.0,0.0,39,56,1,0,1.0,2083,313600.23,1
31,99406,0.36,1152,3,ST. JOHN'S,118100,167300,2000,100,1152.0,1977,2022,0,-82.16297874,29.49633546,18354-054-009,0.0,0.0,0.0,21,44,0,1,2.0,3223,216500.0,1
32,99198,0.13,672,3,ST. JOHN'S,181800,88900,1973,100,672.0,1948,2022,0,-82.16401261,29.48551328,18354-039-004,0.0,208.0,0.0,48,73,0,0,1.0,232,216500.0,1
33,98967,2.0,1632,3,ST. JOHN'S,0,168800,1982,100,1632.0,1956,2022,0,-82.17236418,29.50518256,18296-000-000,0.0,140.0,0.0,39,65,0,0,1.0,8730,216500.0,2
34,98293,1.65,2226,4,ST. JOHN'S,119600,588000,2012,100,2226.0,1966,2022,0,-82.24955735,29.6343455,17944-028-000,0.0,0.0,0.0,9,55,0,0,2.0,2795,315507.03,1
36,97468,1.0,3513,4,ST. JOHN'S,39600,407800,1988,100,3513.0,1982,2022,0,-82.25079446,29.67505441,17738-031-003,0.0,108.0,525.0,33,39,0,0,2.5,8421,314530.03,1
37,96649,1.72,1202,3,WALDO,0,155900,1982,100,1202.0,1922,2022,0,-82.17855573,29.78264429,17287-000-000,0.0,210.0,0.0,39,99,0,0,1.0,2134,313500.4,1
39,95388,1.33,1024,3,ST. JOHN'S,0,165800,1987,100,1024.0,1983,2022,0,-82.32581846,29.48781189,16837-002-000,0.0,448.0,0.0,34,38,0,0,1.0,2690,216400.0,1
40,94935,0.39,672,3,MICANOPY,179500,174400,1987,100,672.0,1962,2022,0,-82.28440421,29.50672547,16520-030-001,0.0,0.0,0.0,34,59,0,0,1.0,378,216426.01,1
41,94542,1.99,1139,2,ST. JOHN'S,114800,117300,1970,100,1139.0,1964,2022,0,-82.3153448,29.54247063,16399-001-000,0.0,0.0,0.0,51,57,0,0,1.0,3325,216400.0,1
42,94279,5.05,1972,3,ST. JOHN'S,161801,492400,1997,100,1972.0,1989,2022,0,-82.34489778,29.5410196,16328-010-013,0.0,354.0,0.0,24,32,0,0,2.0,9256,218707.01,1
43,94025,0.36,1040,2,ST. JOHN'S,0,77900,1964,100,1040.0,1960,2022,0,-82.30623719,29.62907678,16248-003-002,0.0,0.0,0.0,57,61,0,0,1.0,627,145409.02,1
44,93952,1.5,1234,3,ST. JOHN'S,0,196400,2004,100,1000.0,1958,2022,0,-82.29378069,29.61637523,16240-008-000,0.0,234.0,0.0,17,63,0,0,1.0,123,315400.0,1
45,93929,0.24,1662,2,ST. JOHN'S,257700,97200,1970,100,1410.0,1960,2022,0,-82.30434667,29.61614256,16237-016-000,0.0,252.0,0.0,51,61,0,0,2.0,2300,315400.0,1
46,93833,0.23,1486,3,ST. JOHN'S,40100,196900,1992,100,1486.0,1961,2022,0,-82.30423785,29.62944928,16224-011-000,0.0,120.0,0.0,29,60,0,0,2.0,770,315400.0,1
48,93391,0.44,1164,3,ST. JOHN'S,110300,81600,1968,100,936.0,1968,2022,0,-82.27216919,29.63074828,16187-045-000,0.0,276.0,0.0,53,53,0,0,1.0,0,315412.02,1
49,93311,0.64,1472,2,ST. JOHN'S,75300,102200,1970,100,1472.0,1960,2022,0,-82.26583357,29.63322295,16186-035-000,0.0,0.0,0.0,51,61,0,0,2.0,3209,315412.03,1
50,93015,0.27,1064,2,ST. JOHN'S,108800,78800,1970,100,1064.0,1966,2022,0,-82.28755305,29.63288144,16134-049-001,0.0,32.0,0.0,51,55,0,0,1.0,167,315411.03,1
51,92948,0.26,1000,2,ST. JOHN'S,108800,80900,1970,100,1000.0,1961,2022,0,-82.28250961,29.63398153,16134-033-003,0.0,50.0,0.0,51,60,0,0,1.0,1062,315411.03,1
53,92620,0.19,1127,3,GAINESVILLE,115700,102900,1980,100,1127.0,1970,2022,3,-82.2982269,29.64436301,16116-100-001,0.0,210.0,0.0,41,51,0,0,2.0,997,315410.03,1
54,92546,0.15,1224,3,GAINESVILLE,115900,90400,1968,100,1008.0,1968,2022,0,-82.2996332,29.64327334,16116-020-000,0.0,264.0,0.0,53,53,0,0,2.0,2501,315410.03,1
55,92301,0.34,1580,3,GAINESVILLE,115500,178200,1982,100,1580.0,1962,2022,0,-82.3026481,29.63933945,16106-124-000,0.0,84.0,0.0,39,59,0,0,2.0,176,315410.03,1
56,91961,0.31,1464,3,GAINESVILLE,75200,151700,1987,100,1464.0,1959,2022,0,-82.30975716,29.63103075,15997-006-000,0.0,0.0,0.0,34,62,0,0,1.0,400,145409.02,1
58,91943,0.25,1050,3,GAINESVILLE,20200,129400,1972,100,1050.0,1960,2022,0,-82.30802762,29.62974881,15995-047-000,0.0,64.0,0.0,49,61,0,0,1.0,756,145409.02,1
59,91934,0.25,1030,3,GAINESVILLE,20200,54000,1980,100,1030.0,1960,2022,0,-82.30708299,29.63005086,15995-038-000,0.0,20.0,0.0,41,61,0,0,1.0,154,145409.02,1
60,91479,0.28,720,3,GAINESVILLE,73600,96800,1998,100,720.0,1966,2022,0,-82.31280024,29.64379629,15774-000-000,0.0,0.0,0.0,23,55,0,0,1.0,0,145409.01,1
61,90992,0.74,2401,3,GAINESVILLE,38900,451800,2003,100,2077.0,1997,2022,0,-82.33223469,29.63385943,15699-037-001,324.0,622.0,576.0,18,24,0,0,3.0,2698,148400.02,1
62,90945,1.01,2024,3,GAINESVILLE,38900,361500,1987,100,2024.0,1956,2022,0,-82.33400899,29.63301781,15699-001-000,0.0,0.0,0.0,34,65,0,0,2.0,4919,148400.02,1
63,89919,0.26,1199,3,GAINESVILLE,83500,278100,1975,100,1199.0,1948,2022,0,-82.35282213,29.65871355,15428-000-000,0.0,280.0,0.0,46,73,0,0,1.0,1864,145406.03,1
64,89865,0.27,1965,3,GAINESVILLE,257400,451200,2000,100,1965.0,1952,2022,0,-82.3475045,29.65738285,15379-000-000,0.0,21.0,0.0,21,69,0,0,2.5,1305,145406.02,1
66,89589,0.13,1125,3,GAINESVILLE,177100,288000,1981,100,1045.0,1946,2022,0,-82.35132113,29.65324141,15150-000-000,0.0,80.0,0.0,40,75,0,0,1.0,1372,136030.32,1
67,89579,0.28,1940,3,GAINESVILLE,57800,428400,1990,100,1940.0,1985,2022,0,-82.35240887,29.6526632,15136-017-001,0.0,174.0,506.0,31,36,0,0,3.0,1569,145406.03,1
68,89487,0.43,1781,3,GAINESVILLE,8300,445600,1976,100,1671.0,1936,2022,0,-82.3511857,29.65426107,15086-000-000,0.0,191.0,0.0,45,85,0,0,3.5,1867,145406.02,1
69,89393,0.19,1040,3,GAINESVILLE,40600,548600,1987,100,1040.0,1949,2022,0,-82.34878553,29.65330406,14994-000-000,0.0,98.0,0.0,34,72,0,0,1.0,990,136030.32,1
70,89304,0.21,2046,3,GAINESVILLE,115000,548600,1990,100,2046.0,1937,2022,0,-82.34550722,29.65437829,14937-000-000,0.0,0.0,0.0,31,84,0,0,2.0,2974,136030.36,1
71,88373,0.07,600,3,GAINESVILLE,26000,93000,1974,100,600.0,1930,2022,0,-82.32743828,29.65514636,14229-002-000,0.0,96.0,0.0,47,91,0,0,1.0,0,145405.02,1
72,88298,0.04,1684,3,GAINESVILLE,58100,376100,2005,100,818.0,1984,2022,0,-82.32431464,29.65829765,14156-002-000,424.0,512.0,0.0,16,37,0,0,2.0,660,145405.51,1
74,88100,0.11,783,2,GAINESVILLE,23900,82400,1971,100,636.0,1935,2022,0,-82.33527555,29.65544571,13925-000-000,0.0,147.0,0.0,50,86,0,0,1.0,0,145405.07,1
75,88081,0.07,713,3,GAINESVILLE,16800,168900,2005,100,713.0,1940,2022,0,-82.33679238,29.65613084,13903-000-000,0.0,0.0,0.0,16,81,0,0,1.0,0,145405.07,1
76,87958,0.14,1528,3,GAINESVILLE,174300,250500,2008,100,1528.0,1984,2022,0,-82.33420918,29.65802818,13771-018-000,0.0,200.0,0.0,13,37,0,0,1.5,1687,145405.07,1
77,87921,0.16,1408,3,GAINESVILLE,23800,326200,2000,100,1408.0,1915,2022,0,-82.33486881,29.65548581,13754-000-000,0.0,8.0,0.0,21,106,0,0,1.0,870,136100.3,1
78,87823,0.11,1134,3,GAINESVILLE,23200,259400,1981,100,1134.0,1922,2022,0,-82.33223296,29.65333153,13675-000-000,0.0,308.0,0.0,40,99,0,0,1.0,1100,136030.35,1
79,87744,0.1,1232,3,GAINESVILLE,25500,167500,2000,100,1232.0,2000,2022,0,-82.33191872,29.65621606,13596-000-000,0.0,175.0,0.0,21,21,0,0,2.0,520,145405.07,1
80,87125,0.14,940,3,GAINESVILLE,205300,419400,1987,100,748.0,1930,2022,0,-82.33666066,29.65091644,13256-000-000,0.0,192.0,0.0,34,91,0,0,1.0,2084,136100.2,1
81,86688,0.07,935,3,GAINESVILLE,0,146300,1987,100,935.0,1926,2022,0,-82.32640922,29.64634584,13011-000-000,0.0,0.0,0.0,34,95,0,0,1.0,0,145405.04,2
82,85978,0.35,1291,3,GAINESVILLE,157400,255000,1992,100,1291.0,1950,2022,0,-82.31617547,29.65861241,12548-000-000,0.0,279.0,0.0,29,71,0,0,1.0,1550,145404.01,1
83,85833,0.17,1170,3,GAINESVILLE,96500,333200,1992,100,1170.0,1947,2022,0,-82.31505888,29.65749967,12431-000-000,0.0,0.0,0.0,29,74,0,0,1.0,72,145404.01,1
84,85704,0.13,1638,3,GAINESVILLE,96700,393800,1990,100,1242.0,1930,2022,0,-82.31989396,29.65845844,12312-000-000,0.0,396.0,0.0,31,91,0,0,3.0,1722,145404.03,1
85,85600,0.11,993,3,GAINESVILLE,66200,64100,1982,100,841.0,1939,2022,0,-82.3153461,29.64877045,12213-000-000,0.0,152.0,0.0,39,82,0,0,1.0,1541,145404.05,1
86,85402,0.14,1248,3,GAINESVILLE,52100,400800,2005,100,1248.0,1927,2022,0,-82.31819904,29.64784336,12020-003-000,0.0,176.0,0.0,16,94,0,0,1.0,2633,145404.01,1
87,85043,0.27,1356,3,GAINESVILLE,136600,102000,1970,100,1356.0,1950,2022,0,-82.30348447,29.64891287,11692-000-000,0.0,18.0,0.0,51,71,0,0,2.0,863,315403.03,1
88,84860,0.14,1599,3,GAINESVILLE,136600,186400,2007,100,1193.0,2007,2022,0,-82.30215085,29.65258047,11538-003-001,0.0,466.0,0.0,14,14,0,0,2.0,554,315403.01,1
89,84830,0.16,1328,2,GAINESVILLE,136600,85600,1970,100,800.0,1948,2022,0,-82.30748721,29.6531773,11509-000-000,0.0,528.0,0.0,51,73,0,0,1.0,480,315403.01,1
91,84313,0.29,925,3,GAINESVILLE,85900,76500,1970,100,925.0,1954,2022,0,-82.29620837,29.6536079,11230-000-000,0.0,96.0,0.0,51,67,0,0,1.0,0,315403.02,1
92,84148,0.18,682,2,GAINESVILLE,8805,68600,1993,100,682.0,1993,2022,0,-82.29628978,29.65488552,11128-003-001,0.0,96.0,0.0,28,28,0,0,1.0,39,315403.02,1
94,83214,0.24,1296,3,ST. JOHN'S,112500,172100,1980,100,1296.0,1973,2022,0,-82.26640675,29.65323699,10864-039-000,0.0,0.0,0.0,41,48,0,0,1.5,240,315401.01,1
95,82896,0.15,1380,3,GAINESVILLE,34900,196900,2005,100,1380.0,2002,2022,0,-82.29759599,29.66468384,10848-020-064,0.0,108.0,460.0,16,19,0,0,2.0,960,324434.05,1
96,82839,0.15,1380,3,GAINESVILLE,34900,222900,2005,100,1380.0,1999,2022,0,-82.29421224,29.66243848,10848-020-007,0.0,150.0,460.0,16,22,0,0,2.0,597,324434.05,1
97,82643,0.18,1064,3,GAINESVILLE,33000,151900,1982,100,1064.0,1965,2022,0,-82.30343108,29.66890107,10804-067-000,0.0,111.0,0.0,39,56,0,0,2.0,160,324434.02,1
99,82495,0.11,852,2,GAINESVILLE,174900,41500,1980,100,852.0,1940,2022,0,-82.30195443,29.66834315,10753-000-000,0.0,0.0,0.0,41,81,0,0,1.0,90,324434.01,1
100,82162,0.23,1595,2,GAINESVILLE,32400,153100,1977,100,1355.0,1960,2022,0,-82.30720426,29.67241863,10624-038-000,0.0,264.0,0.0,44,61,0,0,2.0,914,324433.01,1
101,82144,0.23,1427,3,GAINESVILLE,32400,220500,1987,100,1035.0,1960,2022,0,-82.30666901,29.67319852,10624-019-000,0.0,392.0,0.0,34,61,0,0,1.5,1516,324433.01,1
102,82137,0.23,1131,3,GAINESVILLE,32400,143900,1974,100,920.0,1960,2022,0,-82.30747242,29.67352539,10624-006-000,0.0,235.0,0.0,47,61,0,0,1.0,440,324433.01,1
103,82095,0.27,1385,3,GAINESVILLE,31900,80900,1987,100,1385.0,1959,2022,0,-82.30903156,29.66741936,10621-010-000,0.0,48.0,0.0,34,62,0,0,1.5,1927,324433.01,1
104,81990,0.27,1066,3,GAINESVILLE,32200,233000,1992,100,1066.0,1958,2022,0,-82.31512014,29.6708423,10611-003-000,0.0,32.0,0.0,29,63,0,0,1.0,265,324433.01,1
105,81818,0.25,1338,3,GAINESVILLE,56100,163100,1978,100,1338.0,1950,2022,0,-82.31256594,29.65956423,10600-091-000,0.0,0.0,0.0,43,71,0,0,1.0,3626,324433.04,1
106,81753,0.25,1730,3,GAINESVILLE,56100,242900,1987,100,1240.0,1949,2022,0,-82.31542492,29.66243713,10600-026-000,0.0,91.0,0.0,34,72,0,0,2.0,145,324433.04,1
107,81675,0.21,1036,3,GAINESVILLE,95300,180800,1982,100,1036.0,1958,2022,0,-82.30697989,29.66374797,10573-108-000,0.0,20.0,0.0,39,63,0,0,1.5,260,324433.02,1
108,81562,0.27,1014,3,GAINESVILLE,95000,146800,1972,100,1014.0,1948,2022,0,-82.31289125,29.66352971,10523-011-000,0.0,16.0,0.0,49,73,0,0,1.0,368,324433.02,1
109,81560,0.45,1326,3,GAINESVILLE,95000,395300,2005,100,861.0,1948,2022,0,-82.31368278,29.66352131,10523-009-000,0.0,690.0,0.0,16,73,0,0,1.0,13280,324433.02,1
110,81557,0.58,942,3,GAINESVILLE,95000,307400,1980,100,861.0,1948,2022,0,-82.31394655,29.66375725,10523-006-000,0.0,115.0,0.0,41,73,0,0,1.0,320,324433.02,1
111,81499,0.21,841,3,GAINESVILLE,67200,139800,1969,100,841.0,1949,2022,0,-82.31031098,29.66126073,10504-000-000,0.0,32.0,0.0,52,72,0,0,1.0,592,324433.04,1
112,81488,0.4,1470,3,GAINESVILLE,67200,143400,1975,100,1392.0,1949,2022,0,-82.31093267,29.66269292,10490-000-000,0.0,78.0,0.0,46,72,0,0,1.0,3118,324433.04,1
113,81448,0.23,940,3,GAINESVILLE,67200,209700,1992,100,784.0,1949,2022,0,-82.31209061,29.65983678,10451-000-000,0.0,156.0,0.0,29,72,0,0,1.0,826,324433.04,1
114,81214,0.27,1147,3,GAINESVILLE,46800,168800,1979,100,1147.0,1955,2022,0,-82.31801039,29.66990737,10246-054-000,0.0,100.0,0.0,42,66,0,0,1.0,145,324433.05,1
115,81100,0.28,1418,3,GAINESVILLE,85300,154700,1970,100,1216.0,1951,2022,0,-82.31712015,29.66824742,10186-000-000,0.0,272.0,0.0,51,70,0,0,2.0,100,324433.05,1
117,80970,0.26,1175,3,GAINESVILLE,170900,192200,1982,100,1175.0,1956,2022,0,-82.31593986,29.66570247,10082-005-000,0.0,88.0,0.0,39,65,0,0,2.0,100,324433.05,1
118,80852,0.56,2279,3,GAINESVILLE,0,249700,1972,100,1943.0,1955,2022,0,-82.32902105,29.66756485,10018-000-000,0.0,336.0,0.0,49,66,0,0,2.0,1360,324432.02,1
120,80491,0.22,1170,3,GAINESVILLE,210400,169800,1970,100,1170.0,1947,2022,0,-82.3277909,29.66633174,09811-000-000,0.0,136.0,0.0,51,74,0,0,1.0,140,324432.04,1
121,80272,0.3,1124,3,GAINESVILLE,0,168800,1982,100,1124.0,1935,2022,0,-82.33059347,29.66419824,09671-006-000,0.0,28.0,0.0,39,86,0,0,1.0,649,324432.5,1
122,80223,1.8,1421,3,GAINESVILLE,219900,263100,1974,100,1421.0,1950,2022,0,-82.33456052,29.6636589,09636-000-000,0.0,15.0,0.0,47,71,0,0,1.0,7228,324432.04,1
123,80153,0.31,1175,3,GAINESVILLE,89200,145800,1975,100,1175.0,1947,2022,0,-82.33695157,29.6633005,09595-000-000,0.0,0.0,0.0,46,74,0,0,1.0,1706,324432.04,1
125,80006,0.15,1184,3,GAINESVILLE,183000,163800,1970,100,1184.0,1941,2022,0,-82.3317217,29.66065159,09459-000-000,0.0,18.0,0.0,51,80,0,0,1.0,600,324432.03,1
126,79997,0.17,956,3,GAINESVILLE,183000,216800,1982,100,956.0,1947,2022,0,-82.33227501,29.66093241,09450-000-000,0.0,0.0,0.0,39,74,0,0,1.0,406,324432.03,1
127,79938,0.21,1031,3,GAINESVILLE,102800,198800,1977,100,911.0,1938,2022,0,-82.33674143,29.66144412,09392-000-000,0.0,144.0,0.0,44,83,0,0,1.0,1646,324432.03,1
128,79915,0.23,1080,3,GAINESVILLE,68600,177800,1992,100,1080.0,1930,2022,0,-82.33427458,29.66727671,09369-000-000,0.0,144.0,0.0,29,91,0,0,1.0,271,324432.02,1
129,79742,0.22,1066,3,GAINESVILLE,57500,113500,1976,100,1066.0,1947,2022,0,-82.33305108,29.6732432,09263-005-000,0.0,120.0,0.0,45,74,0,0,1.0,1552,324432.01,1
130,79682,0.32,1672,3,GAINESVILLE,192400,272600,1978,100,1672.0,1959,2022,0,-82.35444451,29.66548021,09247-017-000,0.0,54.0,420.0,43,62,0,0,2.0,4493,324431.03,1
131,79592,0.54,2999,4,GAINESVILLE,59600,581900,1992,100,2999.0,1965,2022,0,-82.34798122,29.66477382,09238-003-000,0.0,0.0,504.0,29,56,0,0,3.5,11256,324431.02,1
132,79575,0.19,1470,3,GAINESVILLE,0,262100,1970,100,1470.0,1956,2022,0,-82.3490725,29.6598189,09232-001-000,0.0,0.0,0.0,51,65,0,0,2.0,0,324431.02,1
133,79530,0.25,1508,3,GAINESVILLE,22400,294200,1982,100,1508.0,1950,2022,0,-82.35036503,29.65977469,09209-000-000,0.0,20.0,0.0,39,71,0,0,2.0,320,324431.02,1
134,79404,0.35,1607,3,GAINESVILLE,60000,361200,1987,100,1391.0,1952,2022,0,-82.34801449,29.66357001,09120-002-000,0.0,244.0,0.0,34,69,0,0,2.0,2207,324431.02,1
135,79030,0.23,2055,3,GAINESVILLE,12500,219500,1976,100,2055.0,1956,2022,0,-82.34171042,29.67226359,09014-008-000,0.0,36.0,0.0,45,65,0,0,2.0,7221,324431.07,1
136,78780,0.44,1760,3,GAINESVILLE,61900,387800,1992,100,1760.0,1972,2022,0,-82.34869785,29.66963463,09013-006-001,0.0,84.0,616.0,29,49,0,0,2.0,8513,324431.05,1
137,78552,1.23,1546,3,GAINESVILLE,0,234500,1993,100,1312.0,1935,2022,0,-82.35530962,29.68084285,09006-000-000,0.0,234.0,0.0,28,86,0,0,1.0,870,324430.07,1
138,78484,0.23,1307,3,GAINESVILLE,114600,161900,1970,100,1307.0,1958,2022,0,-82.35172573,29.67775769,09004-069-000,0.0,120.0,0.0,51,63,0,0,1.5,216,324430.07,1
139,78477,0.38,1374,3,GAINESVILLE,114600,242900,1997,100,1374.0,1975,2022,0,-82.35402475,29.67777937,09004-062-000,0.0,42.0,520.0,24,46,0,0,2.0,2049,324430.07,1
140,78470,0.23,1451,3,GAINESVILLE,114600,256000,1987,100,1222.0,1960,2022,0,-82.35219924,29.6781727,09004-055-000,0.0,229.0,0.0,34,61,0,0,2.0,2825,324430.07,1
141,78424,0.23,1404,3,GAINESVILLE,114600,236800,1987,100,1404.0,1970,2022,0,-82.35218077,29.68065136,09004-009-000,0.0,28.0,528.0,34,51,0,0,2.0,5000,324430.07,1
142,78172,1.03,3889,5,GAINESVILLE,90300,981800,2005,100,3889.0,1983,2022,0,-82.35041117,29.67450691,09003-005-003,0.0,279.0,654.0,16,38,0,0,4.5,14394,324430.06,1
143,77925,0.24,900,3,GAINESVILLE,166100,136200,1982,100,900.0,1965,2022,0,-82.35181405,29.68456705,08996-001-003,0.0,0.0,0.0,39,56,0,0,1.0,240,324430.01,1
144,77675,0.15,875,3,GAINESVILLE,157000,177500,1992,100,875.0,1977,2022,0,-82.34605908,29.6821602,08985-007-007,0.0,0.0,300.0,29,44,0,0,1.0,153,324430.03,1
145,77601,0.31,1806,3,GAINESVILLE,155200,241000,1987,100,1806.0,1958,2022,0,-82.34451131,29.68444323,08966-008-000,0.0,22.0,0.0,34,63,0,0,3.0,547,324430.03,1
146,77462,0.15,640,3,GAINESVILLE,166400,104100,1974,100,496.0,1953,2022,0,-82.3479308,29.68460441,08879-008-000,0.0,144.0,0.0,47,68,0,0,1.0,789,324430.01,1
147,77452,0.21,672,3,GAINESVILLE,166400,156400,1982,100,672.0,1952,2022,0,-82.3505583,29.68432046,08878-015-000,0.0,0.0,0.0,39,69,0,0,1.0,1080,324430.01,1
150,77332,0.15,500,3,GAINESVILLE,166000,116900,1982,100,500.0,1950,2022,0,-82.35099532,29.68178898,08871-004-000,0.0,0.0,0.0,39,71,0,0,1.0,1121,324430.01,1
151,77306,0.12,754,3,GAINESVILLE,188100,156600,1987,100,754.0,1948,2022,0,-82.33733033,29.67994048,08866-000-000,0.0,84.0,0.0,34,73,0,0,1.0,282,324429.02,1
152,77272,0.15,984,3,GAINESVILLE,188100,220500,2007,100,984.0,1926,2022,0,-82.33700903,29.68200756,08836-001-000,0.0,160.0,0.0,14,95,0,0,1.0,1485,324429.02,2
153,77224,0.17,754,3,GAINESVILLE,188100,153000,1982,100,754.0,1948,2022,0,-82.33521992,29.68132558,08794-000-000,0.0,60.0,0.0,39,73,0,0,1.0,2584,324429.02,1
154,77135,0.14,644,3,GAINESVILLE,146100,133900,1985,100,644.0,1948,2022,0,-82.33772147,29.67248366,08729-000-000,0.0,90.0,0.0,36,73,0,0,1.0,53,324432.07,1
155,77043,0.2,1224,3,GAINESVILLE,146100,227900,1992,100,744.0,1949,2022,0,-82.33660753,29.67548479,08654-000-000,0.0,560.0,0.0,29,72,0,0,2.0,764,324429.01,1
157,76937,0.46,2697,3,GAINESVILLE,183400,382500,1970,100,2025.0,1947,2022,0,-82.33863986,29.68513439,08558-001-000,672.0,84.0,607.0,51,74,0,0,4.0,4429,324429.07,1
158,76919,0.44,1144,3,GAINESVILLE,44600,202500,1976,100,1144.0,1963,2022,0,-82.33595941,29.68514992,08554-047-000,0.0,0.0,0.0,45,58,0,0,1.0,2990,324429.07,1
159,76870,0.35,963,3,GAINESVILLE,900,148100,1970,100,806.0,1949,2022,0,-82.33369617,29.68234521,08551-000-000,0.0,157.0,0.0,51,72,0,0,1.0,513,324429.02,1
160,76723,0.19,1199,3,GAINESVILLE,67800,168700,1982,100,780.0,1950,2022,0,-82.32933909,29.67775237,08429-000-000,0.0,419.0,0.0,39,71,0,0,1.0,873,324429.08,1
161,76595,0.81,1364,3,GAINESVILLE,0,371300,2012,100,1364.0,1956,2022,0,-82.33262644,29.6761454,08314-001-000,0.0,36.0,0.0,9,65,0,0,2.0,796,324429.02,1
162,76141,0.23,936,3,GAINESVILLE,96100,148000,1976,100,936.0,1971,2022,0,-82.31151514,29.68737998,08231-005-037,0.0,63.0,0.0,45,50,0,0,1.0,1279,324428.01,1
164,75788,0.23,1502,3,GAINESVILLE,95900,151500,1974,100,1502.0,1962,2022,0,-82.30832267,29.68004458,08203-055-000,0.0,35.0,0.0,47,59,0,0,2.0,878,324428.02,1
166,75654,0.19,1367,2,GAINESVILLE,95800,136300,1979,100,1367.0,1962,2022,0,-82.31070206,29.67970755,08202-071-000,0.0,0.0,0.0,42,59,0,0,2.0,364,324428.02,1
167,75274,0.25,1176,1,GAINESVILLE,32700,95600,1970,100,1176.0,1969,2022,0,-82.30091879,29.67864527,08197-007-068,0.0,68.0,0.0,51,52,0,0,2.0,216,324427.01,1
169,74885,0.15,1246,3,GAINESVILLE,243400,220400,2008,100,1245.5,2008,2022,0,-82.30405738,29.69651942,08160-010-016,0.0,160.5,288.0,13,13,0,0,2.0,212,324422.02,1
170,74721,0.43,1096,3,GAINESVILLE,119800,190600,1989,100,1096.0,1951,2022,0,-82.33352782,29.69245132,08141-001-000,0.0,0.0,0.0,32,70,0,0,1.0,2712,324420.01,1
171,74691,0.44,1548,2,GAINESVILLE,119800,153200,1970,100,936.0,1960,2022,0,-82.337609,29.69254874,08121-001-000,0.0,660.0,0.0,51,61,0,0,1.0,1358,324420.01,1
172,74621,0.23,800,2,GAINESVILLE,145500,71600,1970,100,520.0,1949,2022,0,-82.33528778,29.68915513,08080-000-000,0.0,280.0,0.0,51,72,0,0,1.0,1282,324420.03,1
173,74185,0.33,1921,3,GAINESVILLE,59300,203900,1979,100,1921.0,1979,2022,0,-82.34087629,29.68877985,07960-043-000,0.0,25.0,0.0,42,42,0,0,2.0,4690,324419.02,1
174,74116,0.3,987,3,GAINESVILLE,255000,213300,1980,100,987.0,1967,2022,0,-82.3475773,29.68884186,07931-003-025,0.0,0.0,0.0,41,54,0,0,1.0,1505,324419.04,1
175,74107,0.26,1228,3,GAINESVILLE,255000,234600,2000,100,1228.0,1967,2022,0,-82.34867067,29.68883508,07931-003-016,0.0,0.0,0.0,21,54,0,0,2.0,687,324419.04,1
176,73853,0.23,1118,3,GAINESVILLE,89400,167800,1970,100,1118.0,1961,2022,0,-82.35201534,29.69138806,07918-002-000,0.0,56.0,0.0,51,60,0,0,2.0,472,324419.04,1
177,73705,0.18,1040,2,GAINESVILLE,196200,188300,1979,100,1040.0,1979,2022,0,-82.35417229,29.69268053,07916-041-019,0.0,56.0,312.0,42,42,0,0,1.0,1053,324419.07,1
179,73290,0.05,1217,3,GAINESVILLE,236402,252200,2014,100,1217.0,2014,2022,0,-82.35491911,29.70223218,07891-030-222,0.0,78.0,276.0,7,7,0,0,2.0,1088,324419.03,1
180,73261,0.05,1351,3,GAINESVILLE,236402,267700,2017,100,878.0,2017,2022,0,-82.35398057,29.70061,07891-030-193,473.0,126.0,440.0,4,4,0,0,2.5,188,324419.03,1
181,72105,0.14,1450,3,GAINESVILLE,92801,192800,2003,100,1450.0,2003,2022,0,-82.35185308,29.72143072,07814-020-001,0.0,60.0,420.0,18,18,0,0,2.0,1521,324407.01,1
182,72052,0.14,1334,3,GAINESVILLE,92800,245000,1994,100,1334.0,1989,2022,0,-82.35356403,29.72264879,07814-010-008,0.0,244.0,352.0,27,32,0,0,2.0,399,324407.01,1
183,71552,3.33,848,3,SUWANNEE,0,22500,1971,100,848.0,1964,2022,0,-82.29684971,29.80458134,07689-004-000,0.0,0.0,0.0,50,57,0,0,1.0,8565,323400.0,1
184,70557,5.09,1300,3,ST. JOHN'S,74800,256300,1996,100,1300.0,1996,2022,0,-82.43141317,29.51746985,07408-001-078,0.0,100.0,260.0,25,25,0,0,3.0,1226,216320.01,1
185,69999,1.0,1781,3,ST. JOHN'S,227406,337700,2006,100,1781.0,2006,2022,0,-82.44789811,29.56007427,07350-044-115,0.0,250.0,506.0,15,15,0,0,2.0,1582,216306.03,1
186,69682,1.49,2090,4,ST. JOHN'S,231400,444700,2006,100,2090.0,2006,2022,0,-82.43262382,29.56790944,07349-100-074,0.0,293.0,484.0,15,15,0,0,2.0,6903,216300.01,1
187,69639,2.94,2461,4,ST. JOHN'S,231400,653300,2009,100,2461.0,2004,2022,0,-82.43892014,29.56732174,07349-100-031,0.0,373.0,462.0,12,17,0,0,3.0,12550,216300.01,1
188,69540,1.23,1613,3,ST. JOHN'S,125100,323400,1985,100,1264.0,1977,2022,0,-82.43086068,29.56871525,07349-018-000,349.0,128.0,484.0,36,44,0,0,3.5,4345,216300.01,1
189,69237,4.34,3771,4,ST. JOHN'S,56900,467200,1987,100,3771.0,1987,2022,0,-82.42134126,29.57160816,07347-011-001,0.0,684.0,834.0,34,34,0,0,4.0,5521,216304.01,1
191,67777,0.12,1159,3,GAINESVILLE,175800,165900,1994,100,1159.0,1994,2022,0,-82.36647753,29.61362395,07295-039-000,0.0,96.0,286.0,27,27,0,0,2.0,1396,148100.84,1
192,67105,5.46,2869,4,ST. JOHN'S,0,405000,1975,100,2869.0,1975,2022,0,-82.34436851,29.61889236,07264-006-000,0.0,243.0,462.0,46,46,0,0,4.5,19331,148100.01,2
193,66826,0.46,4133,4,ST. JOHN'S,42400,458600,1985,100,3198.0,1979,2022,0,-82.37587066,29.59040243,07246-007-000,935.0,138.0,825.0,36,42,0,0,3.0,7830,148200.03,1
194,65999,0.31,1488,3,ST. JOHN'S,59100,257300,1990,100,1488.0,1985,2022,0,-82.34910112,29.61260044,07187-001-000,0.0,316.0,0.0,31,36,0,0,2.0,777,148500.02,1
195,65727,0.49,2840,3,ST. JOHN'S,42300,398100,1985,100,1820.0,1975,2022,0,-82.37348101,29.59280329,07144-063-000,1020.0,464.0,528.0,36,46,0,0,2.5,2376,148200.03,1
196,65334,0.17,2085,4,ST. JOHN'S,248400,438500,2011,100,1701.0,2011,2022,0,-82.42814494,29.58433226,07098-306-363,384.0,287.0,440.0,10,10,0,0,3.0,1429,125332.02,1
198,64911,0.21,2040,4,ST. JOHN'S,246100,394900,2009,100,2040.0,2009,2022,0,-82.43874834,29.58172014,07098-001-192,0.0,380.0,420.0,12,12,0,0,2.0,2347,125332.03,1
199,64770,0.13,1683,4,ST. JOHN'S,246100,379600,2009,100,1683.0,2009,2022,0,-82.43676056,29.58528103,07098-001-051,0.0,295.0,420.0,12,12,0,0,2.0,830,125332.03,1
200,64452,1.0,1611,3,ST. JOHN'S,7500,239600,1984,100,1611.0,1979,2022,0,-82.42721316,29.59325046,07063-024-000,0.0,218.0,0.0,37,42,0,0,2.0,1695,125329.03,1
201,64271,0.21,1349,4,ST. JOHN'S,125706,293300,2001,100,1349.0,2001,2022,0,-82.43259122,29.59235549,07061-060-002,0.0,100.0,420.0,20,20,0,0,2.0,992,125329.04,1
202,64114,0.24,1932,4,ST. JOHN'S,125702,357700,1997,100,1932.0,1997,2022,0,-82.42968527,29.59023621,07061-020-007,0.0,384.0,420.0,24,24,0,0,2.0,859,125329.04,1
203,62336,0.06,1259,3,ST. JOHN'S,234702,164300,1985,100,954.0,1983,2022,0,-82.41446142,29.6146862,06877-123-002,305.0,80.0,0.0,36,38,0,0,2.0,1151,125321.02,1
204,61953,0.13,1969,4,ST. JOHN'S,228605,382000,2010,100,1302.0,2010,2022,0,-82.43622551,29.63018561,06860-366-031,667.0,146.0,462.0,11,11,0,0,2.5,887,125317.06,1
207,61661,0.11,1628,4,ST. JOHN'S,81800,363800,2002,100,1628.0,2002,2022,0,-82.44624355,29.62615693,06860-353-042,0.0,264.0,420.0,19,19,0,0,2.0,1384,125318.09,1
208,61614,0.31,2686,5,ST. JOHN'S,81600,635300,2002,100,2686.0,2000,2022,0,-82.44452183,29.62409757,06860-351-042,0.0,352.0,609.0,19,21,0,0,3.5,11853,125318.08,1
209,61600,0.39,2549,5,ST. JOHN'S,81600,675700,2010,100,2188.5,2001,2022,1,-82.4438239,29.62333434,06860-351-028,360.0,255.5,576.0,11,20,0,0,2.5,9360,125318.08,1
210,61024,0.03,1712,4,ST. JOHN'S,80000,436900,2003,100,680.0,2003,2022,0,-82.43764419,29.60926249,06860-290-049,1031.5,164.5,275.5,18,18,0,0,2.0,96,125320.02,1
211,61009,0.04,1672,4,ST. JOHN'S,80000,336700,2000,100,864.0,2000,2022,0,-82.43786602,29.608459,06860-290-034,808.0,156.0,322.0,21,21,0,0,2.5,588,125320.02,1
212,60962,0.16,2159,4,ST. JOHN'S,79900,450000,2002,100,2158.5,1997,2022,0,-82.43988165,29.61196318,06860-280-002,0.0,429.5,506.0,19,24,0,0,2.0,2507,125319.17,1
213,60104,0.32,2076,4,ST. JOHN'S,78000,454300,1991,100,2075.5,1991,2022,0,-82.44934617,29.6030702,06860-123-061,0.0,231.5,483.0,30,30,0,0,2.0,2828,125320.11,1
214,60002,0.35,2547,3,ST. JOHN'S,77600,314900,1989,100,2115.0,1989,2022,0,-82.42890234,29.60965308,06860-102-059,0.0,492.0,480.0,32,32,0,0,2.0,1717,125320.04,1
215,59933,0.84,3107,5,ST. JOHN'S,83101,765700,1995,100,3107.0,1990,2022,0,-82.43408828,29.61460478,06860-090-112,0.0,412.0,714.0,26,31,0,0,3.5,14787,125320.19,1
216,59703,0.1,1420,3,ST. JOHN'S,82200,294500,1991,100,1300.0,1991,2022,0,-82.44188012,29.60755924,06860-062-016,0.0,184.0,480.0,30,30,0,0,2.0,137,125319.03,1
217,59698,0.18,1300,3,ST. JOHN'S,82200,263900,1992,100,1300.0,1992,2022,0,-82.44167415,29.60686019,06860-062-011,0.0,184.0,480.0,29,29,0,0,2.0,418,125319.03,1
218,59276,0.19,1790,4,ST. JOHN'S,185303,373600,2004,100,1789.5,1999,2022,0,-82.42467089,29.60781379,06858-030-146,0.0,301.5,495.0,17,22,0,0,2.0,1111,125320.18,1
219,58959,0.27,1632,3,ST. JOHN'S,206600,240500,1983,100,1632.0,1978,2022,0,-82.42402414,29.60341474,06857-002-088,0.0,0.0,299.0,38,43,0,0,2.0,1516,125320.05,1
220,58920,0.31,1260,3,ST. JOHN'S,206600,301200,1986,100,1260.0,1979,2022,0,-82.42723277,29.60396553,06857-002-049,0.0,0.0,0.0,35,42,0,0,2.0,20599,125320.05,1
221,58775,1.05,1848,3,ST. JOHN'S,219000,375400,2000,100,1624.0,1985,2022,0,-82.44957781,29.62493379,06855-019-000,0.0,236.0,432.0,21,36,0,0,2.0,6183,125318.02,1
222,58732,1.04,1815,3,ST. JOHN'S,218900,412200,2005,100,1815.0,1978,2022,0,-82.4479455,29.62896316,06854-003-000,0.0,42.0,399.0,16,43,0,0,2.0,6143,125318.02,1
223,58314,5.63,4282,4,ST. JOHN'S,0,699000,1990,100,3193.0,1976,2022,0,-82.42818805,29.62366478,06850-008-000,1089.0,120.0,504.0,31,45,0,0,3.5,24104,125317.01,1
224,58199,1.0,2966,3,ST. JOHN'S,108000,675700,2000,100,2966.0,1982,2022,0,-82.43118537,29.61979717,06849-003-021,0.0,49.0,462.0,21,39,0,0,3.0,19242,125317.02,1
225,58178,1.8,4375,3,ST. JOHN'S,107900,835400,2000,100,3893.0,1990,2022,0,-82.42660192,29.61721441,06849-002-036,0.0,582.0,928.0,21,31,0,0,4.5,13911,125317.02,1
226,58088,0.16,1929,4,ST. JOHN'S,241601,426000,2014,100,1929.0,2014,2022,0,-82.42114502,29.6207644,06840-020-085,0.0,365.0,420.0,7,7,0,0,2.0,1048,125316.02,1
227,57988,0.27,2542,4,ST. JOHN'S,241600,505900,2015,100,2542.0,2015,2022,0,-82.41913102,29.62297616,06840-010-006,0.0,332.0,420.0,6,6,0,0,2.0,1642,125316.02,1
228,55647,0.39,2608,4,ST. JOHN'S,189100,392200,1992,100,1064.0,1980,2022,0,-82.42788975,29.63516853,06681-065-000,1544.0,288.0,576.0,29,41,0,0,2.5,1848,125308.04,1
230,54681,0.23,1287,3,ST. JOHN'S,155900,275600,1998,100,1287.0,1983,2022,0,-82.42169488,29.63610743,06678-010-005,0.0,0.0,312.0,23,38,0,0,2.0,1139,125309.04,1
231,54280,0.26,2505,4,ST. JOHN'S,237200,496500,2003,100,2504.5,2003,2022,0,-82.43191563,29.63998857,06672-500-195,0.0,421.5,418.0,18,18,0,0,3.0,8643,125308.13,1
232,54266,0.26,2326,4,ST. JOHN'S,237200,469800,2010,100,2325.5,2006,2022,0,-82.43427987,29.63838325,06672-500-181,0.0,366.5,560.0,11,15,0,0,2.0,1873,125308.13,1
233,54144,0.38,3124,5,ST. JOHN'S,233900,618800,2003,100,2840.0,2003,2022,0,-82.43555463,29.64130462,06672-200-102,284.0,361.0,528.0,18,18,0,0,4.0,10968,125308.13,1
234,53489,0.43,2448,4,ST. JOHN'S,8801,389300,1988,100,1974.0,1988,2022,0,-82.43253418,29.63437244,06668-007-007,0.0,538.0,572.0,33,33,0,0,2.0,2433,125308.03,1
236,53264,1.02,3661,5,ST. JOHN'S,30402,785400,1998,100,3169.0,1998,2022,0,-82.44967067,29.63533563,06666-020-025,492.0,610.0,922.0,23,23,0,0,4.0,11461,125307.03,1
238,52911,0.27,1687,3,ST. JOHN'S,84500,251000,2003,100,1686.5,2003,2022,0,-82.44372395,29.65779757,06657-050-032,0.0,45.0,460.0,18,18,0,0,2.0,527,125306.05,1
239,52827,0.32,1398,3,ST. JOHN'S,83900,281900,1995,100,1398.0,1977,2022,0,-82.44650834,29.65779443,06657-015-051,0.0,0.0,540.0,26,44,0,0,2.0,1005,125306.02,1
240,52785,0.41,1631,3,ST. JOHN'S,83900,369300,1990,100,1631.0,1974,2022,0,-82.44906302,29.65899386,06657-015-009,0.0,84.0,441.0,31,47,0,0,2.0,9148,125306.02,1
241,52654,0.29,1257,3,ST. JOHN'S,214800,231100,1989,100,1257.0,1982,2022,0,-82.42414272,29.64636695,06656-700-063,0.0,120.0,516.0,32,39,0,0,2.0,1312,125305.02,1
242,52469,1.1,1787,3,ST. JOHN'S,188400,251000,1987,100,1787.0,1978,2022,0,-82.42600946,29.65059599,06656-608-003,0.0,8.0,584.0,34,43,0,0,2.0,2109,125305.03,1
243,50338,0.7,2700,3,GAINESVILLE,99100,314600,1985,100,1845.0,1963,2022,0,-82.38994947,29.64663038,06538-018-000,0.0,972.0,0.0,36,58,0,0,2.0,4739,145302.02,1
244,50331,0.61,2178,3,GAINESVILLE,99100,463100,1990,100,2178.0,1958,2022,0,-82.3879233,29.64752421,06538-011-000,0.0,0.0,0.0,31,63,0,0,2.0,7118,145302.02,1
245,50188,0.31,2008,3,GAINESVILLE,58700,349200,1990,100,2008.0,1963,2022,0,-82.38670039,29.64938751,06534-004-000,0.0,209.0,621.0,31,58,0,0,2.0,3376,145302.02,1
246,50080,0.31,2510,3,GAINESVILLE,4000,303400,1976,100,2510.0,1959,2022,0,-82.38480732,29.65160267,06528-013-000,0.0,24.0,0.0,45,62,0,0,2.0,10858,145302.02,1
247,50019,0.33,2282,3,GAINESVILLE,58900,348300,1985,100,2002.0,1967,2022,0,-82.38531786,29.64756196,06525-003-000,0.0,292.0,0.0,36,54,0,0,2.0,1390,145302.02,1
248,49995,0.32,1918,3,GAINESVILLE,3900,256100,1976,100,1918.0,1968,2022,0,-82.37999389,29.64789512,06522-009-000,0.0,120.0,0.0,45,53,0,0,2.0,1236,145302.02,1
249,49601,0.16,1487,3,GAINESVILLE,11901,256300,1998,100,1487.0,1993,2022,0,-82.38507339,29.65874384,06490-010-009,0.0,57.0,441.0,23,28,0,0,2.0,1963,145302.04,1
250,49522,0.25,1450,3,GAINESVILLE,215700,266700,1985,100,1450.0,1959,2022,0,-82.37557072,29.65844132,06486-011-000,0.0,60.0,0.0,36,62,0,0,2.0,590,145302.01,1
251,49338,0.24,1675,3,GAINESVILLE,221800,163200,1975,100,1675.0,1957,2022,0,-82.37539771,29.65600296,06482-074-000,0.0,0.0,0.0,46,64,0,0,2.0,1703,145302.01,1
252,49247,0.24,1165,3,GAINESVILLE,221700,122100,1976,100,1165.0,1956,2022,0,-82.37539825,29.65328951,06481-060-000,0.0,44.0,0.0,45,65,0,0,1.0,1252,145302.01,1
253,49233,0.24,1075,3,GAINESVILLE,221700,206100,1986,100,1075.0,1956,2022,0,-82.37459483,29.65383994,06481-046-000,0.0,0.0,0.0,35,65,0,0,2.0,280,145302.01,1
254,49111,0.3,1458,3,GAINESVILLE,16400,287900,1990,100,1458.0,1977,2022,0,-82.36571497,29.65411486,06466-040-000,0.0,135.0,468.0,31,44,0,0,2.0,2304,145301.02,1
255,49103,0.32,1595,3,GAINESVILLE,16400,354600,1990,100,1595.0,1980,2022,0,-82.36517505,29.65383531,06466-032-000,0.0,12.0,437.0,31,41,0,0,2.0,1736,145301.02,1
256,49057,0.28,1726,3,GAINESVILLE,16103,283600,1985,100,1726.0,1975,2022,0,-82.36628644,29.6511275,06463-013-000,0.0,347.0,483.0,36,46,0,0,2.0,605,145301.02,1
257,48821,0.26,2025,3,GAINESVILLE,72900,592300,1998,100,2025.0,1978,2022,0,-82.36163767,29.64973451,06460-008-000,0.0,270.0,0.0,23,43,0,0,2.5,4615,145301.01,1
258,47970,0.95,3032,4,GAINESVILLE,120200,504000,1988,100,2107.0,1964,2022,0,-82.35750999,29.67153901,06423-003-000,925.0,86.0,0.0,33,57,0,0,3.0,3561,114336.01,1
259,47824,0.26,2682,3,GAINESVILLE,75600,308100,1977,100,2682.0,1967,2022,0,-82.37407538,29.6708642,06415-002-020,0.0,54.0,420.0,44,54,0,0,2.0,2512,114335.04,1
260,47802,0.36,2324,4,GAINESVILLE,220200,483800,1990,100,2324.0,1987,2022,0,-82.38116378,29.67848983,06414-010-045,0.0,232.0,576.0,31,34,0,0,2.0,8336,114335.1,1
261,47659,0.28,1640,3,GAINESVILLE,119400,219600,1976,100,1640.0,1961,2022,0,-82.37770309,29.66972375,06410-050-000,0.0,50.0,0.0,45,60,0,0,2.0,1263,114335.09,1
262,47635,0.27,1736,3,GAINESVILLE,119400,286800,1977,100,1736.0,1965,2022,0,-82.37731495,29.67129173,06410-026-000,0.0,0.0,294.0,44,56,0,0,2.0,2723,114335.09,1
263,47470,0.29,1300,3,GAINESVILLE,179300,251900,1990,100,1300.0,1959,2022,0,-82.37676713,29.6629999,06402-025-000,0.0,52.0,0.0,31,62,0,0,2.0,433,114335.05,1
265,47096,0.29,1590,3,GAINESVILLE,215400,245000,1978,100,1590.0,1958,2022,0,-82.38625445,29.66074217,06394-038-000,0.0,120.0,0.0,43,63,0,0,2.0,1110,114335.01,1
267,46802,0.63,1728,3,GAINESVILLE,215300,238800,1986,100,1728.0,1979,2022,0,-82.3816315,29.65987063,06388-016-000,0.0,0.0,510.0,35,42,0,0,2.0,968,114335.03,1
268,46721,0.14,1628,4,GAINESVILLE,114900,369600,2000,100,1098.0,1996,2022,0,-82.38830727,29.66182722,06386-010-007,530.0,32.0,440.0,21,25,0,0,2.5,2238,114335.32,1
269,46689,0.3,2015,3,GAINESVILLE,215100,400800,1990,100,2015.0,1971,2022,0,-82.38471037,29.66376979,06384-021-000,0.0,115.0,483.0,31,50,0,0,2.0,5183,114335.02,1
270,46639,0.37,2840,4,GAINESVILLE,186900,468100,1990,100,2840.0,1971,2022,0,-82.3930291,29.66504015,06383-031-069,0.0,156.0,0.0,31,50,0,0,2.0,2113,114334.1,1
271,46590,0.35,2176,4,GAINESVILLE,186900,472400,1992,100,2176.0,1971,2022,0,-82.39504689,29.66601207,06383-031-020,0.0,14.0,484.0,29,50,0,0,2.5,3244,114334.1,1
272,46362,0.34,2144,3,GAINESVILLE,186200,242600,1975,100,2144.0,1964,2022,0,-82.38967621,29.66838192,06381-022-000,0.0,40.0,576.0,46,57,0,0,2.0,2551,114334.1,1
273,46320,0.13,2217,3,GAINESVILLE,231800,521500,2012,100,2217.0,2012,2022,0,-82.39666669,29.66319912,06377-010-042,0.0,470.0,484.0,9,9,0,0,2.5,1672,114334.15,1
274,46099,0.8,2039,3,GAINESVILLE,109100,327000,1979,100,2039.0,1968,2022,0,-82.39915921,29.66306045,06366-003-011,0.0,120.0,552.0,42,53,0,0,2.0,4260,114334.04,1
275,45943,0.23,1706,3,GAINESVILLE,155501,267800,1984,100,1706.0,1969,2022,0,-82.4009532,29.67300063,06356-002-027,0.0,0.0,380.0,37,52,0,0,2.0,2377,114334.02,1
276,45933,0.34,1692,3,GAINESVILLE,155501,285400,1995,100,1692.0,1968,2022,0,-82.4003989,29.67327523,06356-002-017,0.0,0.0,511.0,26,53,0,0,2.0,1380,114334.02,1
278,45797,0.33,2086,3,ST. JOHN'S,158000,197900,1975,100,2086.0,1970,2022,0,-82.40426801,29.67294885,06353-151-014,0.0,136.0,504.0,46,51,0,0,2.0,4180,114334.11,1
279,45732,0.28,1152,3,ST. JOHN'S,214500,139800,1975,100,1152.0,1968,2022,0,-82.40255255,29.67329009,06353-005-000,0.0,0.0,0.0,46,53,0,0,2.0,1180,114334.01,1
281,45661,0.23,1104,3,ST. JOHN'S,214300,157400,1975,100,1104.0,1959,2022,0,-82.40209018,29.66015179,06351-038-000,0.0,0.0,0.0,46,62,0,0,1.0,550,114334.01,1
282,45639,0.23,1104,3,ST. JOHN'S,214300,216100,1990,100,1104.0,1960,2022,0,-82.40176773,29.66317633,06351-016-000,0.0,60.0,0.0,31,61,0,0,1.0,145,114334.01,1
283,45183,0.26,1831,4,ST. JOHN'S,51303,335700,2002,100,1831.0,2002,2022,0,-82.43435315,29.66225654,06326-030-163,0.0,179.0,420.0,19,19,0,0,2.0,321,114332.03,1
284,45167,0.23,2013,4,ST. JOHN'S,51303,354400,2000,100,1805.0,2000,2022,0,-82.43520523,29.66189127,06326-030-147,0.0,262.0,511.0,21,21,0,0,2.0,1540,114332.03,1
285,45074,0.19,1640,4,ST. JOHN'S,51301,321600,1997,100,1639.5,1997,2022,0,-82.43882575,29.66350784,06326-010-056,0.0,159.5,441.0,24,24,0,0,2.0,901,114332.03,1
286,44945,0.15,1468,3,ST. JOHN'S,233100,281300,2003,100,1467.5,2003,2022,0,-82.43577555,29.67200308,06321-010-012,0.0,212.5,400.0,18,18,0,0,2.0,656,114332.04,1
287,44744,0.15,1950,4,ST. JOHN'S,239302,343500,2010,100,1302.0,2010,2022,0,-82.44719303,29.66986188,06308-020-104,648.0,168.0,484.0,11,11,0,0,2.5,952,114330.12,1
288,44735,0.14,2909,4,ST. JOHN'S,239302,547600,2015,100,1677.0,2015,2022,0,-82.44748521,29.67038376,06308-020-095,1232.0,205.0,480.0,6,6,0,0,3.5,4571,114330.12,1
289,43985,0.49,1603,3,ST. JOHN'S,98301,271700,1987,100,1603.0,1987,2022,0,-82.45148548,29.67484519,06236-034-000,0.0,16.0,411.0,34,34,0,0,2.0,2646,114330.07,1
290,43972,0.55,1730,3,ST. JOHN'S,98301,398100,1995,100,1730.0,1980,2022,0,-82.45438648,29.6760124,06236-021-000,0.0,24.0,506.0,26,41,0,0,2.0,13800,114330.07,1
291,43601,0.17,1678,3,ST. JOHN'S,22301,310900,1999,100,1678.0,1999,2022,0,-82.44171691,29.67507702,06234-110-002,0.0,304.0,576.0,22,22,0,0,2.0,781,114330.08,1
292,43411,0.18,1856,3,ST. JOHN'S,98304,370500,2000,100,1856.0,2000,2022,0,-82.45390386,29.68330744,06234-010-015,0.0,235.0,529.0,21,21,0,0,2.0,774,114330.04,1
293,43404,0.17,1800,3,ST. JOHN'S,98304,291300,2001,100,1800.0,2001,2022,0,-82.45321123,29.68369966,06234-010-008,0.0,359.0,496.0,20,20,0,0,2.0,880,114330.04,1
294,42980,0.19,1546,3,ST. JOHN'S,140700,308800,2000,100,1546.0,1993,2022,0,-82.43091427,29.68565608,06230-001-001,0.0,33.0,420.0,21,28,0,0,2.0,1884,114329.04,1
295,42745,0.43,1904,4,ST. JOHN'S,147400,314000,1985,100,1904.0,1981,2022,0,-82.41203713,29.67943358,06218-001-000,0.0,0.0,304.0,36,40,0,0,2.5,4396,114328.07,1
296,42341,0.2,1467,3,ST. JOHN'S,28100,249300,1992,100,1467.0,1992,2022,0,-82.39581459,29.68126497,06155-001-043,0.0,21.0,400.0,29,29,0,0,2.0,622,114327.04,1
297,42334,0.2,1264,3,ST. JOHN'S,28100,225200,1992,100,1264.0,1992,2022,0,-82.39615875,29.68085941,06155-001-036,0.0,26.0,506.0,29,29,0,0,2.0,1269,114327.04,1
299,42100,0.23,1200,3,ST. JOHN'S,0,229000,1985,100,1200.0,1979,2022,0,-82.39001165,29.68164916,06144-000-000,0.0,104.0,0.0,36,42,0,0,2.0,1549,114327.09,1
300,42021,0.25,1624,3,ST. JOHN'S,13401,272600,1990,100,1624.0,1974,2022,0,-82.39220044,29.68264285,06143-001-021,0.0,168.0,400.0,31,47,0,0,2.0,507,114327.09,1
302,41694,0.26,1770,3,ST. JOHN'S,108600,198100,1985,100,1770.0,1984,2022,0,-82.3948396,29.6837746,06124-001-032,0.0,112.0,0.0,36,37,0,0,2.0,852,114327.01,1
303,41641,0.78,2440,3,ST. JOHN'S,0,400800,2000,100,2440.0,1959,2022,0,-82.38977596,29.68470961,06122-001-000,0.0,30.0,358.0,21,62,0,0,2.0,1615,114327.02,1
304,41636,1.34,1859,3,ST. JOHN'S,0,358200,2005,100,1759.0,1962,2022,0,-82.39091631,29.68541121,06121-004-000,0.0,128.0,0.0,16,59,0,0,2.0,7183,114327.02,1
305,41579,0.16,1453,3,ST. JOHN'S,173300,290200,1996,100,1453.0,1991,2022,0,-82.39764678,29.68654472,06118-010-005,0.0,20.0,400.0,25,30,0,0,2.0,1762,114327.07,1
306,41368,0.24,1050,3,ST. JOHN'S,8700,188400,1985,100,1050.0,1985,2022,0,-82.3959786,29.68756077,06112-010-009,0.0,52.0,400.0,36,36,0,0,2.0,1185,114327.01,1
307,41365,0.24,1020,3,ST. JOHN'S,8700,127100,1984,100,1020.0,1984,2022,0,-82.39531654,29.68755974,06112-010-006,0.0,62.0,380.0,37,37,0,0,2.0,1843,114327.01,1
308,40747,0.72,1922,3,GAINESVILLE,92600,320000,1985,100,1922.0,1978,2022,0,-82.37349542,29.67560802,06106-016-000,0.0,30.0,462.0,36,43,0,0,2.0,2649,114326.01,1
309,40365,0.38,1926,3,GAINESVILLE,206400,339600,1995,100,1926.0,1977,2022,0,-82.38203558,29.68336051,06102-075-019,0.0,84.0,616.0,26,44,0,0,2.0,8474,114326.05,1
310,40282,3.47,4107,4,GAINESVILLE,0,486600,1975,100,3266.0,1950,2022,0,-82.38057283,29.68809543,06102-000-000,841.0,397.0,616.0,46,71,0,0,3.5,11272,114326.07,1
311,40173,0.36,2000,3,GAINESVILLE,93200,316900,1990,100,2000.0,1973,2022,0,-82.36292392,29.68278304,06098-010-022,0.0,226.0,308.0,31,48,0,0,2.0,1966,154325.35,1
312,40120,1.31,2171,4,GAINESVILLE,0,553400,2005,100,1751.0,1963,2022,0,-82.36673319,29.67508833,06097-010-000,420.0,24.0,200.0,16,58,0,0,2.0,13279,134325.0,1
314,39956,0.25,1560,3,GAINESVILLE,63000,230900,1980,100,1560.0,1967,2022,0,-82.37172974,29.68159508,06095-007-011,0.0,120.0,0.0,41,54,0,0,2.0,3124,134325.31,1
316,39772,0.25,1552,3,GAINESVILLE,93100,308700,1985,100,1552.0,1975,2022,0,-82.36457599,29.68516519,06092-014-014,0.0,16.0,520.0,36,46,0,0,2.0,2562,134325.36,1
317,39614,0.1,1252,3,GAINESVILLE,149102,219200,2000,100,1252.0,2000,2022,0,-82.35908288,29.68272189,06091-020-079,0.0,16.0,252.0,21,21,0,0,2.0,338,134325.07,1
318,39580,0.1,1148,3,GAINESVILLE,149101,169900,1998,100,1148.0,1998,2022,0,-82.35876469,29.68766374,06091-010-045,0.0,42.0,370.0,23,23,0,0,2.0,328,134325.07,1
319,39508,1.14,4714,5,GAINESVILLE,57400,1214600,1990,100,4346.0,1980,2022,0,-82.35949858,29.6755377,06090-001-012,368.0,274.0,696.0,31,41,0,0,2.5,13553,134325.06,1
320,39451,0.35,2504,4,GAINESVILLE,43900,426100,1991,100,2504.0,1988,2022,0,-82.35895073,29.68013185,06089-004-000,0.0,379.0,506.0,30,33,0,0,3.5,1748,154325.05,1
321,38842,0.2,1032,3,GAINESVILLE,183500,218400,1995,100,1032.0,1977,2022,0,-82.3651611,29.69099303,06082-036-000,0.0,0.0,0.0,26,44,0,0,1.0,1986,154324.1,1
322,38822,0.24,1429,3,GAINESVILLE,183500,281800,2000,100,1429.0,1977,2022,0,-82.36554376,29.69215985,06082-016-000,0.0,100.0,0.0,21,44,0,0,2.0,480,154324.1,1
323,38742,0.22,1474,3,GAINESVILLE,183700,297600,2010,100,1254.0,1978,2022,0,-82.36577888,29.69441856,06082-010-014,0.0,244.0,0.0,11,43,0,0,2.0,1669,154324.1,1
324,38171,0.23,912,3,GAINESVILLE,183701,184800,1990,100,912.0,1981,2022,0,-82.36040178,29.69963421,06076-200-013,0.0,72.0,180.0,31,40,0,0,1.5,1319,154324.1,1
325,38137,0.28,1377,3,GAINESVILLE,183600,277900,1995,100,1377.0,1979,2022,0,-82.36276557,29.69468649,06076-107-000,0.0,60.0,483.0,26,42,0,0,2.0,1369,154324.1,1
326,38077,0.22,1250,3,GAINESVILLE,183600,151800,1990,100,1022.0,1980,2022,0,-82.36378381,29.69373729,06076-060-047,0.0,228.0,0.0,31,41,0,0,2.0,1860,154324.1,1
327,38018,0.2,1709,4,GAINESVILLE,193000,291400,1986,100,1709.0,1979,2022,0,-82.35917853,29.69195384,06076-055-028,0.0,0.0,190.0,35,42,0,0,2.5,3847,134324.23,1
328,37394,0.32,1674,3,GAINESVILLE,144400,229000,1977,100,1674.0,1972,2022,0,-82.38674083,29.70101029,06071-010-021,0.0,120.0,0.0,44,49,0,0,2.0,1516,174323.03,1
329,37376,0.25,1356,3,GAINESVILLE,144400,289200,1978,100,1356.0,1973,2022,0,-82.3858577,29.69993893,06071-010-003,0.0,36.0,546.0,43,48,0,0,2.0,626,174323.03,1
330,37266,0.17,1687,3,GAINESVILLE,31505,263400,2002,100,1687.0,2002,2022,0,-82.37411931,29.69388716,06067-050-257,0.0,365.0,440.0,19,19,0,0,2.0,1011,174323.18,1
331,37150,0.17,1412,3,GAINESVILLE,31503,285400,2000,100,1412.0,2000,2022,0,-82.37831794,29.69324637,06067-030-142,0.0,28.0,474.0,21,21,0,0,2.0,2193,174323.18,1
332,37049,0.18,1582,3,GAINESVILLE,31501,245800,1998,100,1582.0,1998,2022,0,-82.37477646,29.69591301,06067-010-043,0.0,107.0,420.0,23,23,0,0,2.0,436,174323.18,1
334,36875,0.32,1460,3,GAINESVILLE,143700,191300,1975,100,1460.0,1971,2022,0,-82.37694032,29.69948885,06066-400-008,0.0,232.0,440.0,46,50,0,0,2.0,1056,174323.02,1
335,36871,0.65,1808,3,GAINESVILLE,143700,227000,1970,100,1600.0,1968,2022,0,-82.37749001,29.7013038,06066-400-004,0.0,232.0,192.0,51,53,0,0,2.0,2651,174323.02,1
336,36865,0.63,1453,3,GAINESVILLE,143600,309400,1998,100,1453.0,1967,2022,0,-82.37353922,29.69832292,06066-046-000,0.0,0.0,0.0,23,54,0,0,2.0,2839,174323.02,2
337,35941,0.35,3634,4,ST. JOHN'S,234201,829500,2016,100,2434.0,2016,2022,0,-82.40510214,29.69992373,06054-021-058,1200.0,158.0,702.0,5,5,0,0,5.0,21696,114322.12,1
338,35679,2.03,3387,5,ST. JOHN'S,92700,867900,2008,100,3387.0,1992,2022,0,-82.42142884,29.69938324,06051-009-000,0.0,596.0,682.0,13,29,0,0,3.0,16155,114321.04,1
339,35567,0.4,1916,3,ST. JOHN'S,54400,361400,1986,100,1916.0,1978,2022,0,-82.41740938,29.69353181,06049-013-014,0.0,204.0,484.0,35,43,0,0,2.0,3530,114321.05,1
340,35448,0.22,1364,3,ST. JOHN'S,187605,233000,1992,100,1364.0,1992,2022,0,-82.4071266,29.69153152,06048-050-014,0.0,169.0,440.0,29,29,0,0,2.0,1102,114321.06,1
341,35387,0.18,1328,3,ST. JOHN'S,187603,308700,1997,100,1328.0,1991,2022,0,-82.40858095,29.69264415,06048-030-001,0.0,280.0,400.0,24,30,0,0,2.0,541,114321.06,1
343,35140,0.51,2730,4,ST. JOHN'S,167800,404300,1987,100,1590.0,1987,2022,0,-82.42267265,29.69456263,06040-030-014,1140.0,464.0,484.0,34,34,0,0,3.0,2036,114320.01,1
344,34952,1.43,2648,4,SUWANNEE,84600,557000,1995,100,2648.0,1983,2022,0,-82.44464824,29.70889556,06037-048-000,0.0,314.0,576.0,26,38,0,0,2.5,15195,114318.02,1
346,34178,0.36,1536,3,SUWANNEE,47100,289700,1995,100,1000.0,1979,2022,0,-82.3988926,29.70729363,06023-020-066,536.0,40.0,480.0,26,42,0,0,2.0,2140,114315.01,1
347,34151,0.35,1411,3,SUWANNEE,47100,146400,1985,100,1411.0,1980,2022,0,-82.39917307,29.70990116,06023-020-039,0.0,45.0,264.0,36,41,0,0,2.0,3082,114315.01,1
348,33927,0.26,1500,3,GAINESVILLE,74402,188300,1998,100,1500.0,1995,2022,0,-82.38791899,29.70909519,06020-030-079,0.0,36.0,441.0,23,26,0,0,2.0,2014,164314.13,1
349,33795,0.2,1347,3,GAINESVILLE,253101,300100,1999,100,1347.0,1996,2022,0,-82.38118117,29.71164112,06020-012-052,0.0,20.0,460.0,22,25,0,0,2.0,4471,164314.12,1
350,33785,0.2,1361,3,GAINESVILLE,253100,245000,1993,100,1361.0,1993,2022,0,-82.38481731,29.71061268,06020-010-043,0.0,18.0,483.0,28,28,0,0,2.0,1369,134314.45,1
351,33768,0.27,1698,4,GAINESVILLE,253100,320000,1993,100,1698.0,1993,2022,0,-82.38086625,29.71227375,06020-010-026,0.0,248.0,462.0,28,28,0,0,2.0,1690,134314.45,1
353,33423,0.12,1366,3,GAINESVILLE,127401,240800,1995,100,1014.0,1989,2022,0,-82.37893645,29.70978261,06017-001-030,352.0,48.0,330.0,26,32,0,0,2.0,1229,164314.01,1
354,32667,0.25,936,3,GAINESVILLE,142400,165900,1983,100,936.0,1977,2022,0,-82.36692043,29.71199655,06014-025-013,0.0,0.0,280.0,38,44,0,0,1.5,424,174313.01,1
355,32468,0.24,1170,3,GAINESVILLE,142300,238800,1990,100,1170.0,1975,2022,0,-82.36427811,29.70916283,06014-022-069,0.0,100.0,520.0,31,46,0,0,2.0,862,174313.01,1
357,32293,0.25,1025,3,GAINESVILLE,142200,160800,1974,100,1025.0,1974,2022,0,-82.36162035,29.70666886,06014-020-032,0.0,64.0,0.0,47,47,0,0,1.5,994,174313.01,1
358,32203,0.4,1234,3,GAINESVILLE,142700,245400,1987,100,1234.0,1984,2022,0,-82.36427155,29.71637005,06014-015-037,0.0,8.0,324.0,34,37,0,0,2.0,1937,174313.04,1
359,32122,0.39,1564,3,GAINESVILLE,141900,168800,1986,100,1564.0,1986,2022,0,-82.36916189,29.71438911,06014-013-016,0.0,8.0,525.0,35,35,0,0,2.0,4530,174313.12,1
360,31836,0.37,1440,3,GAINESVILLE,142100,279600,1995,100,1440.0,1980,2022,0,-82.37202405,29.7174035,06014-003-095,0.0,0.0,240.0,26,41,0,0,2.0,1317,174313.12,1
361,31784,0.33,1378,3,GAINESVILLE,142100,248500,1991,100,1378.0,1981,2022,0,-82.36882024,29.71685612,06014-003-043,0.0,0.0,532.0,30,40,0,0,2.0,5942,174313.12,1
362,31447,0.26,2016,3,GAINESVILLE,245800,400800,2008,100,2016.0,2008,2022,0,-82.40368587,29.72894194,06009-010-153,0.0,256.0,483.0,13,13,0,0,2.0,854,114310.1,1
363,31416,0.13,1761,3,GAINESVILLE,245800,317200,2010,100,1761.0,2010,2022,0,-82.40116546,29.72893916,06009-010-122,0.0,220.0,400.0,11,11,0,0,2.0,976,114310.1,1
364,31062,0.06,1327,3,GAINESVILLE,230002,228000,2005,100,1326.5,2005,2022,0,-82.39359936,29.7276202,06006-068-186,0.0,13.5,434.0,16,16,0,0,2.0,200,114310.09,1
365,31056,0.06,1545,3,GAINESVILLE,230002,253700,2004,100,1544.5,2004,2022,0,-82.39315524,29.72803757,06006-068-180,0.0,39.5,412.0,17,17,0,0,2.0,262,114310.09,1
366,31028,0.06,1545,3,GAINESVILLE,230003,262700,2006,100,1544.5,2006,2022,0,-82.39655778,29.72804629,06006-067-231,0.0,39.5,412.0,15,15,0,0,2.0,224,114310.09,1
367,30971,0.06,1348,3,GAINESVILLE,230000,226600,2002,100,1347.5,2002,2022,0,-82.39392731,29.72676767,06006-066-137,0.0,202.5,446.0,19,19,0,0,2.0,224,114310.09,1
368,30955,0.06,1380,3,GAINESVILLE,230100,253100,2002,100,1379.5,2002,2022,0,-82.39512279,29.72646481,06006-065-122,0.0,204.5,412.0,19,19,0,0,2.0,208,114310.09,1
369,30938,0.06,1380,3,GAINESVILLE,230100,241900,2001,100,1379.5,2001,2022,0,-82.39354551,29.72610781,06006-065-105,0.0,204.5,412.0,20,20,0,0,2.0,780,114310.09,1
371,30877,0.06,1380,3,GAINESVILLE,18700,238800,2003,100,1379.5,1999,2022,0,-82.39473988,29.72478756,06006-063-046,0.0,204.5,412.0,18,22,0,0,2.0,224,114310.09,1
372,30475,0.15,1152,3,GAINESVILLE,200900,196000,1985,100,1152.0,1985,2022,0,-82.38662942,29.73588866,05985-361-000,0.0,240.0,0.0,36,36,0,0,2.0,368,174302.05,1
373,30420,0.11,1200,3,GAINESVILLE,201000,172100,1986,100,1200.0,1986,2022,0,-82.38281835,29.73503572,05979-158-000,0.0,384.0,0.0,35,35,0,0,2.0,352,174302.01,1
374,30414,0.15,1248,3,GAINESVILLE,201000,124400,1986,100,912.0,1986,2022,0,-82.38342847,29.73588522,05979-150-000,0.0,436.0,0.0,35,35,0,0,2.0,760,174302.01,1
375,30328,0.13,1610,3,GAINESVILLE,200500,227000,1990,100,1610.0,1983,2022,0,-82.38355466,29.73319141,05979-064-000,0.0,0.0,528.0,31,38,0,0,2.0,897,174302.01,1
376,30320,0.11,936,3,GAINESVILLE,200500,196800,1997,100,936.0,1982,2022,0,-82.38273007,29.73396707,05979-056-000,0.0,240.0,0.0,24,39,0,0,2.0,640,174302.01,1
377,29821,0.25,1837,4,ALACHUA,33500,283200,1999,100,1837.0,1997,2022,0,-82.40831191,29.75126753,05921-010-015,0.0,313.0,495.0,22,24,0,0,2.0,1086,233332.01,1
378,29761,0.22,1074,3,ALACHUA,50500,198100,1987,100,1074.0,1981,2022,0,-82.41047523,29.75501958,05918-118-000,0.0,237.0,363.0,34,40,0,0,2.0,295,233328.02,1
379,29592,0.5,1619,3,ALACHUA,77000,288000,2004,100,1355.0,1984,2022,0,-82.42438569,29.77276128,05903-010-012,0.0,411.0,228.0,17,37,0,0,2.0,2620,233320.01,1
380,28699,0.16,1827,4,ALACHUA,201500,145600,1994,100,1827.0,1994,2022,0,-82.42419971,29.76219151,05900-104-003,0.0,21.0,441.0,27,27,0,0,2.0,1772,233328.03,1
381,28600,0.13,1189,3,ALACHUA,245200,249600,2006,100,1189.0,2006,2022,0,-82.41180388,29.76230007,05900-040-047,0.0,94.0,396.0,15,15,0,0,2.0,1245,233328.04,1
382,28412,0.14,1520,3,ALACHUA,202603,235000,1990,100,1520.0,1980,2022,0,-82.41723024,29.75302614,05900-007-008,0.0,40.0,300.0,31,41,0,0,2.0,3112,233328.03,1
383,28407,0.17,1395,3,ALACHUA,202603,254000,1994,100,1395.0,1979,2022,0,-82.41727418,29.75386593,05900-007-003,0.0,72.0,360.0,27,42,0,0,2.0,2345,233328.03,1
384,27904,8.08,1398,3,SUWANNEE,170400,320400,1989,100,1398.0,1986,2022,0,-82.44646192,29.79725888,05849-002-007,0.0,80.0,472.0,32,35,0,0,2.0,1320,233300.0,1
385,27423,5.43,760,3,SUWANNEE,0,184800,2008,100,760.0,1979,2022,0,-82.43046983,29.80141007,05746-005-000,0.0,0.0,0.0,13,42,0,0,1.0,1375,233300.0,1
386,27312,3.0,1452,3,SUWANNEE,0,291900,1996,100,1452.0,1996,2022,0,-82.42802536,29.82364943,05716-007-000,0.0,276.0,405.0,25,25,0,0,2.0,1728,233300.0,2
387,27217,0.71,877,3,SUWANNEE,0,122300,1979,100,877.0,1975,2022,0,-82.36356368,29.81838171,05682-003-000,0.0,55.0,0.0,42,46,0,0,1.0,684,233300.0,1
388,26942,1.15,1296,3,SUWANNEE,86500,184800,2002,100,1296.0,1992,2022,0,-82.43980009,29.85808652,05591-006-000,0.0,40.0,0.0,19,29,0,0,2.0,1580,232329.0,1
389,26939,1.15,1180,3,SUWANNEE,86500,178800,2003,100,1010.0,1900,2022,0,-82.44131456,29.85809121,05591-003-000,170.0,126.0,0.0,18,121,0,0,2.0,1174,232329.0,2
390,26868,0.83,2524,3,LACROSSE,247300,223100,1969,100,1964.0,1929,2022,0,-82.40549834,29.84461362,05551-010-004,0.0,240.0,0.0,52,92,0,0,1.0,1422,232334.0,1
391,25284,0.53,1474,3,ARCHER,6400,127100,1970,100,1474.0,1940,2022,0,-82.52534842,29.52765481,05001-000-000,0.0,270.0,0.0,51,81,0,0,2.0,4008,216216.01,1
393,24558,1.02,2154,3,ARCHER,0,229000,1972,100,2154.0,1966,2022,0,-82.51609727,29.54400089,04703-002-000,0.0,132.0,0.0,49,55,0,0,2.0,705,216216.01,1
394,24079,1.01,1040,3,SUWANNEE,204100,144600,1989,100,1040.0,1973,2022,0,-82.47350843,29.57130891,04626-001-003,0.0,64.0,0.0,32,48,0,0,1.5,972,216202.01,1
395,23993,1.4,1392,3,SUWANNEE,114200,185400,1985,100,1392.0,1978,2022,0,-82.45754629,29.57038686,04623-003-018,0.0,0.0,322.0,36,43,0,0,2.0,3838,215236.01,1
396,23488,4.4,2554,3,SUWANNEE,0,474000,2006,100,2554.0,1996,2022,0,-82.5247184,29.58536414,04526-001-015,0.0,106.0,459.0,15,25,0,0,3.0,14479,215200.0,1
397,23293,5.01,2039,3,SUWANNEE,0,397800,2000,100,1079.0,1987,2022,0,-82.52008945,29.59672939,04476-050-005,660.0,800.0,0.0,21,34,0,0,2.0,13278,215200.0,1
398,23099,5.26,2832,4,NEWBERRY,199600,428900,2000,100,2832.0,2000,2022,0,-82.53484083,29.61585522,04446-010-023,0.0,28.0,474.0,21,21,0,0,3.0,9072,215217.01,1
399,23033,9.0,2118,4,SUWANNEE,0,400000,2006,100,1148.0,1999,2022,0,-82.51224731,29.61476779,04437-047-000,720.0,432.0,0.0,15,22,0,0,2.5,19421,215200.0,1
400,22928,1.03,2190,4,SUWANNEE,151600,491800,2000,100,2189.5,1996,2022,0,-82.47854729,29.62694458,04428-030-095,0.0,298.5,483.0,21,25,0,0,3.0,3360,215214.01,1
401,22927,1.1,2314,4,SUWANNEE,151600,527100,1999,100,2314.0,1996,2022,0,-82.47805864,29.62694159,04428-030-094,0.0,275.0,525.0,22,25,0,0,3.0,9340,215214.01,1
402,22826,1.33,2002,3,SUWANNEE,135900,367400,1990,100,2002.0,1970,2022,0,-82.46131875,29.63018338,04427-100-008,0.0,0.0,649.0,31,51,0,0,2.0,2602,215200.0,1
403,22585,2.51,4032,5,SUWANNEE,88900,765000,1990,100,2646.0,1988,2022,0,-82.46168618,29.64303507,04422-003-019,1386.0,144.0,660.0,31,33,0,0,2.5,22893,215212.01,1
404,22483,5.0,2396,4,SUWANNEE,260300,660700,1997,100,2396.0,1992,2022,0,-82.48014696,29.64358749,04414-004-000,0.0,240.0,420.0,24,29,0,0,2.0,11066,215211.02,1
405,22240,1.4,1871,3,SUWANNEE,116600,338900,1998,100,1871.0,1979,2022,0,-82.54528731,29.64113134,04384-015-019,0.0,339.0,484.0,23,42,0,0,2.0,5887,215206.01,1
406,22111,2.92,1092,3,SUWANNEE,96800,181300,1965,100,1092.0,1959,2022,0,-82.50988854,29.6524703,04367-005-000,0.0,24.0,0.0,56,62,0,0,1.0,2485,215200.0,1
407,21269,0.22,3026,4,SUWANNEE,199308,720700,2006,100,2045.0,2006,2022,0,-82.47902509,29.64959774,04333-090-219,981.0,184.0,484.0,15,15,0,0,4.0,1512,215202.07,1
408,21188,0.1,1654,3,SUWANNEE,199304,391400,2003,100,1654.0,2003,2022,0,-82.47898728,29.65458848,04333-050-141,0.0,144.0,441.0,18,18,0,0,2.0,688,215202.05,1
409,21106,0.29,2614,4,SUWANNEE,199301,612500,2001,100,1943.5,2001,2022,0,-82.48321772,29.65100975,04333-020-063,670.0,372.0,520.0,20,20,0,0,2.5,1058,215202.04,1
410,20916,1.15,1977,3,SUWANNEE,151800,325400,1980,100,1632.0,1975,2022,0,-82.47136111,29.64842482,04330-010-005,0.0,569.0,506.0,41,46,0,0,2.0,2312,215201.03,1
411,20877,0.42,2539,4,SUWANNEE,243500,589700,2012,100,2538.5,2012,2022,0,-82.47057564,29.65073893,04328-010-040,0.0,303.5,480.0,9,9,0,0,3.0,780,215200.02,1
412,20725,0.07,1825,3,SUWANNEE,233500,302900,2003,100,781.0,2003,2022,0,-82.46657331,29.66987743,04321-600-025,1044.0,272.0,411.0,18,18,0,0,2.0,807,154236.01,1
414,20298,0.27,2463,4,SUWANNEE,245500,619100,2013,100,2155.0,2013,2022,0,-82.45977961,29.67086831,04321-053-052,308.0,345.0,528.0,8,8,0,0,4.0,10225,134236.03,1
415,20069,1.38,3244,3,SUWANNEE,156500,337400,1973,100,3244.0,1969,2022,0,-82.46119626,29.66129007,04321-028-038,0.0,112.0,0.0,48,52,0,0,3.0,4619,134236.01,1
416,19943,0.14,1788,3,SUWANNEE,152500,313200,1996,100,1788.0,1991,2022,0,-82.47383154,29.66130695,04314-302-040,0.0,215.0,460.0,25,30,0,0,2.0,797,154235.02,1
417,19927,0.21,1816,3,SUWANNEE,152502,266600,1995,100,1517.0,1993,2022,0,-82.47351334,29.66264622,04314-302-024,0.0,372.0,458.0,26,28,0,0,2.0,975,154235.02,1
418,19910,0.16,1880,3,SUWANNEE,152502,292000,2004,100,1880.0,1994,2022,0,-82.474043,29.66341776,04314-302-006,0.0,42.0,462.0,17,27,0,0,2.0,1144,154235.02,1
419,19847,0.06,1867,3,SUWANNEE,245304,343000,2013,100,1727.0,2013,2022,0,-82.47972039,29.66406703,04314-102-152,0.0,200.0,462.0,8,8,0,0,2.0,1210,154235.01,1
420,19846,0.05,1166,3,SUWANNEE,245304,274100,2013,100,1166.0,2013,2022,0,-82.47972026,29.6641509,04314-102-151,0.0,167.0,273.0,8,8,0,0,2.0,898,154235.01,1
421,19818,0.06,1696,3,SUWANNEE,245304,337500,2015,100,1696.0,2015,2022,0,-82.47780626,29.66398903,04314-102-123,0.0,189.0,462.0,6,6,0,0,2.0,324,154235.01,1
422,19816,0.05,1184,3,SUWANNEE,245304,259900,2015,100,1183.5,2015,2022,0,-82.47763356,29.66404497,04314-102-121,0.0,177.5,273.0,6,6,0,0,2.0,191,154235.01,1
424,19810,0.05,1251,3,SUWANNEE,245304,267800,2016,100,1251.0,2016,2022,0,-82.47681313,29.66390007,04314-102-115,0.0,195.0,286.0,5,5,0,0,2.0,0,154235.01,1
426,19753,0.05,1248,3,SUWANNEE,245304,282600,2017,100,1248.0,2017,2022,0,-82.47618595,29.66361592,04314-102-058,0.0,176.0,288.0,4,4,0,0,2.0,0,154235.01,1
427,19700,0.05,1444,3,SUWANNEE,245303,242800,2003,100,1444.0,2003,2022,0,-82.47512219,29.66114808,04314-101-006,0.0,102.0,264.0,18,18,0,0,2.0,0,154235.01,1
428,19420,1.0,3056,4,SUWANNEE,172000,621200,2010,100,2526.0,2003,2022,0,-82.49559546,29.66763138,04289-010-023,530.0,303.0,542.0,11,18,0,0,2.5,3644,154234.0,1
429,19410,1.0,2910,4,SUWANNEE,172000,745600,2014,100,2910.0,2014,2022,0,-82.48982937,29.66763168,04289-010-013,0.0,366.0,1080.0,7,7,0,0,3.5,3024,154234.0,1
430,19165,5.01,4200,3,SUWANNEE,205600,515000,2009,100,4200.0,2009,2022,0,-82.53489944,29.67649335,04255-020-006,0.0,0.0,1100.0,12,12,0,0,3.0,3227,154200.0,1
431,18962,0.14,1608,3,SUWANNEE,239802,349500,2009,100,1607.5,2009,2022,0,-82.4987902,29.67835603,04227-030-168,0.0,247.5,462.0,12,12,0,0,2.0,945,134227.02,1
432,18876,0.2,1794,3,SUWANNEE,239800,311900,2005,100,1794.0,2005,2022,0,-82.49998612,29.67486268,04227-010-084,0.0,275.0,360.0,16,16,0,0,2.0,368,134227.02,1
433,18481,0.2,1828,4,SUWANNEE,235400,365700,2007,100,1828.0,2005,2022,0,-82.4598491,29.68260987,04211-400-183,0.0,330.5,484.0,14,16,0,0,2.0,1125,134225.02,1
434,18314,0.19,1943,4,SUWANNEE,212600,319600,2000,100,1612.5,1996,2022,0,-82.46135313,29.68646706,04211-301-020,330.0,131.0,484.0,21,25,0,0,2.0,1212,134225.02,1
435,17692,7.0,1741,3,SUWANNEE,0,482000,2007,100,1741.0,2007,2022,0,-82.53242627,29.69581826,04158-005-000,0.0,66.0,441.0,14,14,0,0,2.0,28603,154200.0,1
436,17522,2.06,1672,3,SUWANNEE,219600,337900,2011,100,1672.0,2011,2022,0,-82.52531886,29.69837387,04138-020-001,0.0,576.0,0.0,10,10,0,0,1.5,1035,154200.0,1
437,17320,6.07,2321,4,SUWANNEE,130700,570000,2004,100,2321.0,1994,2022,0,-82.4899994,29.71162285,04119-010-085,0.0,256.0,660.0,17,27,0,0,2.0,17590,134214.41,1
438,17113,5.34,1532,3,SUWANNEE,204000,314900,1993,100,1532.0,1983,2022,0,-82.52035059,29.70840325,04099-005-041,0.0,15.0,352.0,28,38,0,0,2.0,4418,154209.41,1
439,16612,6.24,2958,4,ALACHUA,185500,734000,2006,100,2957.5,2003,2022,0,-82.49131106,29.73937311,04040-010-034,0.0,935.5,825.0,15,18,0,0,3.0,4820,233235.02,1
440,16159,0.09,1303,3,ALACHUA,246000,262000,2012,100,1303.0,2012,2022,0,-82.51274363,29.76779633,03980-020-099,0.0,276.0,525.0,9,9,0,0,2.0,1060,233222.14,1
441,16125,0.09,1158,3,ALACHUA,246000,225000,2009,100,1158.0,2008,2022,0,-82.51451562,29.76743042,03980-020-065,0.0,36.0,400.0,12,13,0,0,2.0,1034,233222.14,1
442,16046,0.51,1392,3,ALACHUA,154800,256300,1999,100,1392.0,1994,2022,1,-82.51489413,29.76519064,03980-010-030,0.0,0.0,298.0,22,27,0,0,2.0,3898,233228.02,1
444,15601,0.26,1492,3,ALACHUA,101200,269500,2003,100,1492.0,1998,2022,0,-82.49279872,29.78061427,03931-010-069,0.0,80.0,432.0,18,23,0,0,2.0,519,233223.01,1
445,15567,0.23,1254,3,ALACHUA,101200,265500,2001,100,1254.0,1999,2022,0,-82.49043075,29.77871527,03931-010-035,0.0,165.0,460.0,20,22,0,0,2.0,3145,233223.01,1
446,15396,0.89,1503,3,ALACHUA,0,241300,1988,100,1503.0,1966,2022,1,-82.49613797,29.78184973,03910-003-000,0.0,88.0,420.0,33,55,0,0,2.0,0,233200.0,1
447,14835,0.29,1362,3,ALACHUA,29400,145600,1985,100,1134.0,1965,2022,0,-82.50144834,29.78832033,03817-001-000,0.0,363.0,0.0,36,56,0,0,1.0,606,233215.02,1
448,14816,0.16,1315,3,ALACHUA,29400,142200,1986,100,1315.0,1975,2022,0,-82.50007825,29.78858504,03812-002-000,0.0,65.0,0.0,35,46,0,0,1.5,6272,233215.02,1
449,14802,0.46,1066,2,ALACHUA,29400,117300,1974,100,1066.0,1974,2022,0,-82.49946719,29.78936951,03801-001-000,0.0,336.0,0.0,47,47,0,0,2.0,338,233215.02,1
450,14601,0.5,2564,4,ALACHUA,147800,500700,2007,100,1619.0,1920,2022,0,-82.49735494,29.79099919,03640-001-000,621.0,604.0,0.0,14,101,0,0,2.0,1177,233215.02,1
451,14542,0.29,1528,3,ALACHUA,232200,263400,2003,100,1528.0,2003,2022,0,-82.50252735,29.79480445,03605-010-018,0.0,304.0,566.0,18,18,0,0,2.0,864,233215.01,1
453,14318,0.29,976,2,ALACHUA,3200,81600,1960,100,976.0,1937,2022,0,-82.49105184,29.78643869,03491-000-000,0.0,114.0,0.0,61,84,0,0,2.0,31,233214.02,1
454,13894,0.39,888,3,ALACHUA,40400,73100,1982,100,888.0,1953,2022,0,-82.48813662,29.79899128,03234-023-000,0.0,0.0,0.0,39,68,0,0,1.0,2918,233214.03,1
455,13733,0.19,1113,3,ALACHUA,245700,216800,2009,100,1113.0,2009,2022,0,-82.49063834,29.7974481,03218-020-051,0.0,134.0,200.0,12,12,0,0,2.0,253,233214.06,1
456,13693,0.18,1233,3,ALACHUA,245700,201500,2017,100,1233.0,2017,2022,0,-82.48986672,29.79731314,03218-020-011,0.0,125.0,267.0,4,4,0,0,2.0,128,233214.06,1
457,13393,0.21,1050,3,ALACHUA,2300,192000,1991,100,1050.0,1991,2022,0,-82.4756748,29.79083448,03195-002-048,0.0,80.0,275.0,30,30,0,0,1.5,1076,233213.02,1
459,13350,0.29,1188,3,ALACHUA,2300,171800,1982,100,1188.0,1976,2022,0,-82.47887175,29.79156902,03195-002-005,0.0,156.0,0.0,39,45,0,0,2.0,2000,233213.02,1
460,12698,0.2,2166,3,ALACHUA,238900,421400,2014,100,2166.0,2014,2022,0,-82.52025026,29.80813171,03053-010-032,0.0,351.0,462.0,7,7,0,0,3.0,1421,233208.02,1
462,11587,3.03,1508,3,SUWANNEE,0,244700,1988,100,1508.0,1980,2022,0,-82.55696835,29.85862909,02866-002-001,0.0,552.0,0.0,33,41,0,0,2.0,22611,232200.0,1
463,11578,5.01,1847,4,SUWANNEE,12800,509500,2010,100,1847.0,1995,2022,0,-82.55071035,29.8695117,02864-010-011,0.0,20.0,485.0,11,26,0,0,2.0,5552,232219.11,1
464,11560,1.11,1566,3,SUWANNEE,13000,186400,1986,100,1566.0,1986,2022,0,-82.55266002,29.87849209,02863-001-034,0.0,84.0,0.0,35,35,0,0,2.0,2987,232218.01,1
465,11480,5.5,1756,3,SUWANNEE,0,367000,2020,100,1756.0,2016,2022,0,-82.52541007,29.88173902,02852-006-000,0.0,68.0,0.0,1,5,0,0,2.0,5009,232200.11,1
466,10632,5.0,2110,3,NEWBERRY,0,443300,2004,100,2110.0,2001,2022,0,-82.60775639,29.5855853,02658-010-004,0.0,10.0,0.0,17,20,0,0,2.5,6835,215100.9,1
467,10297,5.0,1791,3,NEWBERRY,0,401600,2002,100,1791.0,2002,2022,0,-82.62414707,29.61357283,02583-000-000,0.0,110.0,555.0,19,19,0,0,2.0,1194,215100.9,1
468,10161,4.6,1664,3,SUWANNEE,0,398500,2002,100,1664.0,1997,2022,0,-82.55888201,29.62483734,02559-002-000,0.0,48.0,0.0,19,24,0,0,2.0,4356,215100.9,1
469,9967,0.32,1630,3,NEWBERRY,165300,282600,2004,100,1630.0,2004,2022,0,-82.61227855,29.63326131,02534-018-009,0.0,100.0,440.0,17,17,0,0,2.0,1107,215109.01,1
470,9953,0.3,1770,3,NEWBERRY,165300,251800,2005,100,1770.0,2005,2022,0,-82.61041018,29.63330802,02534-017-009,0.0,304.0,462.0,16,16,0,0,2.0,1144,215109.01,1
471,9842,0.32,1848,3,NEWBERRY,165300,217600,1990,100,1364.0,1984,2022,0,-82.61351703,29.63652684,02534-007-008,0.0,652.0,0.0,31,37,0,0,2.0,5341,215109.01,1
472,9829,0.31,1368,3,NEWBERRY,165300,250500,1992,100,1264.0,1985,2022,0,-82.61300627,29.63653979,02534-006-007,0.0,184.0,260.0,29,36,0,0,2.0,6549,215109.01,1
473,9751,0.35,1252,3,NEWBERRY,247101,251900,2009,100,1252.0,2009,2022,0,-82.60676514,29.63260096,02530-020-038,0.0,152.0,374.0,12,12,0,0,2.0,1185,215109.01,1
474,9721,0.23,1907,4,NEWBERRY,247101,320000,2008,100,1907.0,2008,2022,0,-82.60825225,29.63451562,02530-020-008,0.0,336.0,484.0,13,13,0,0,3.0,406,215109.01,1
475,9720,0.23,1635,3,NEWBERRY,247101,292500,2010,100,1635.0,2010,2022,0,-82.60799118,29.63451954,02530-020-007,0.0,185.0,440.0,11,11,0,0,2.0,1337,215109.01,1
476,9469,0.16,1146,3,NEWBERRY,123200,203800,2004,100,1146.0,2004,2022,0,-82.61878912,29.64468707,02499-001-004,0.0,169.0,0.0,17,17,0,0,2.0,995,215100.9,1
477,9061,0.24,1450,3,NEWBERRY,138300,234700,1998,100,1330.0,1956,2022,0,-82.61240038,29.64502854,02241-000-000,0.0,148.0,0.0,23,65,0,0,2.0,3136,215104.06,1
478,9051,0.3,1085,3,NEWBERRY,138300,183200,1998,100,1008.0,1952,2022,0,-82.61384842,29.6449324,02237-000-000,0.0,224.0,0.0,23,69,0,0,1.0,1087,215104.06,1
479,9031,0.28,2028,3,NEWBERRY,138300,191300,1952,100,2028.0,1929,2022,0,-82.61136701,29.64561271,02218-000-000,0.0,435.0,0.0,69,92,0,0,2.0,815,215104.06,1
481,8749,0.24,1450,3,NEWBERRY,7600,154400,1979,100,1080.0,1979,2022,0,-82.61035514,29.64144899,01989-020-004,0.0,442.0,0.0,42,42,0,0,2.0,2263,215104.01,1
482,8729,0.22,1056,3,NEWBERRY,21100,186800,1985,100,1056.0,1979,2022,0,-82.61459254,29.64098465,01989-005-010,0.0,128.0,192.0,36,42,0,0,2.0,1463,215104.01,1
483,8651,0.17,1236,3,NEWBERRY,123900,238400,1995,100,1236.0,1975,2022,0,-82.62248699,29.6418621,01981-012-014,0.0,0.0,0.0,26,46,0,0,1.0,1185,215104.01,1
484,8402,0.18,2859,3,NEWBERRY,249400,314000,2009,100,1231.0,2009,2022,0,-82.59860539,29.64039317,01933-010-077,1380.0,866.0,420.0,12,12,0,0,2.5,1616,215103.13,1
485,8209,5.06,1292,3,NEWBERRY,0,331500,2004,100,1292.0,2004,2022,0,-82.55951592,29.64096601,01923-003-009,0.0,96.0,420.0,17,17,0,0,2.0,1586,215100.9,1
486,8062,0.31,1809,3,NEWBERRY,236106,309100,2008,100,1809.0,2008,2022,0,-82.58559114,29.66365735,01901-070-089,0.0,170.0,400.0,13,13,0,0,2.0,416,224100.01,1
487,8041,0.28,1853,3,NEWBERRY,236106,291600,2007,100,1853.0,2007,2022,0,-82.58794894,29.66129336,01901-070-068,0.0,10.0,400.0,14,14,0,0,2.0,1089,224100.01,1
488,7954,0.28,1693,3,NEWBERRY,236102,287900,2004,100,1693.0,2004,2022,0,-82.59353567,29.65708243,01901-040-059,0.0,8.0,400.0,17,17,0,0,2.0,844,224100.01,1
489,6804,10.0,2171,4,NEWBERRY,207000,549600,2006,100,2170.5,2006,2022,0,-82.61393185,29.71660439,01783-010-007,0.0,267.5,484.0,15,15,0,0,2.0,1721,224100.43,1
490,6564,1.0,1112,3,SUWANNEE,0,168800,2007,100,1016.0,1961,2022,0,-82.60338925,29.72778568,01750-001-000,0.0,240.0,0.0,14,60,0,0,1.0,2612,224100.4,2
491,6039,2.03,1350,3,HIGH SPRINGS,59000,248900,2006,100,1350.0,1998,2022,0,-82.57287678,29.7807697,01642-010-016,0.0,96.0,420.0,15,23,0,0,2.0,1004,223124.01,1
492,5909,3.0,2592,3,SUWANNEE,170200,486600,2006,100,2592.0,1991,2022,0,-82.6067253,29.78082521,01633-010-003,0.0,72.0,484.0,15,30,0,0,3.0,6362,223100.4,1
493,5245,1.14,1997,3,HIGH SPRINGS,228100,367400,2005,100,1997.0,2005,2022,0,-82.56894721,29.81086187,01516-010-008,0.0,593.0,576.0,16,16,0,0,2.0,3507,223100.03,1
494,5197,0.68,1586,3,HIGH SPRINGS,0,241300,2000,100,1586.0,1990,2022,0,-82.56951827,29.81432361,01514-004-000,0.0,216.0,0.0,21,31,0,0,2.0,2470,223100.0,1
495,5135,0.23,1056,3,HIGH SPRINGS,180500,167000,1984,100,1056.0,1984,2022,0,-82.59890506,29.81226948,01488-321-000,0.0,72.0,0.0,37,37,0,0,2.0,583,223100.02,1
497,4368,0.25,1403,3,HIGH SPRINGS,180502,214800,2009,100,1403.0,2009,2022,0,-82.59469842,29.81818728,01408-363-000,0.0,245.0,420.0,12,12,0,0,2.0,311,223100.02,1
498,4345,0.25,1518,3,HIGH SPRINGS,180500,221300,2006,100,1518.0,2003,2022,0,-82.59313896,29.81496479,01408-162-000,0.0,132.0,462.0,15,18,0,0,2.0,874,223100.02,1
499,3795,0.3,1284,3,HIGH SPRINGS,171900,196400,1979,100,1284.0,1929,2022,1,-82.59773064,29.82395479,01213-000-000,0.0,0.0,0.0,42,92,0,0,1.0,5444,223100.08,1
502,3319,0.38,2153,3,HIGH SPRINGS,64600,313300,1999,100,1906.0,1961,2022,0,-82.60155288,29.83151038,00772-000-000,0.0,889.0,0.0,22,60,0,0,3.0,1366,223100.07,1
503,3283,0.18,1044,3,HIGH SPRINGS,64600,198800,1995,100,1044.0,1937,2022,0,-82.60002537,29.83082317,00744-001-000,0.0,0.0,0.0,26,84,0,0,2.0,530,223100.07,1
504,3212,0.22,1176,3,HIGH SPRINGS,64600,126900,1991,100,1176.0,1955,2022,0,-82.59788597,29.8303388,00687-000-000,0.0,0.0,0.0,30,66,0,0,1.0,674,223100.07,1
505,3074,0.15,1080,3,HIGH SPRINGS,93500,72900,1989,100,864.0,1989,2022,0,-82.59411453,29.82774892,00579-002-000,0.0,216.0,0.0,32,32,0,0,2.0,1397,223100.07,1
506,3033,0.34,1240,3,HIGH SPRINGS,64600,96400,1978,100,1240.0,1948,2022,0,-82.59294557,29.83554995,00537-001-000,0.0,96.0,0.0,43,73,0,0,1.0,1485,223100.06,1
507,2976,0.33,1701,3,HIGH SPRINGS,64600,344300,2000,100,1701.0,1985,2022,0,-82.59382509,29.83061927,00509-000-000,0.0,130.0,552.0,21,36,0,0,2.0,14564,223100.06,1
508,2534,0.46,1452,3,HIGH SPRINGS,178700,163100,2000,100,1200.0,2000,2022,0,-82.58329864,29.81514902,00297-020-017,0.0,342.0,0.0,21,21,0,0,2.0,699,223100.01,1
509,2416,4.24,2608,3,SUWANNEE,182600,220500,1970,100,2378.0,1967,2022,0,-82.58415137,29.82849759,00259-005-000,0.0,433.0,0.0,51,54,0,0,2.0,5594,223102.41,1
510,2124,0.23,1772,3,HIGH SPRINGS,247500,329200,2013,100,1772.0,2013,2022,0,-82.58589005,29.83297423,00236-100-172,0.0,216.0,484.0,8,8,0,0,2.0,1683,222100.05,1
511,2103,0.21,1740,3,HIGH SPRINGS,247500,361700,2012,100,1740.0,2012,2022,0,-82.58445094,29.83219222,00236-100-151,0.0,175.5,484.0,9,9,0,0,2.5,7571,222100.05,1
512,1918,0.39,1736,3,HIGH SPRINGS,189800,265400,2003,100,1735.5,2003,2022,0,-82.59068011,29.83943042,00236-001-006,0.0,619.5,528.0,18,18,0,0,2.0,1102,222135.01,1
513,1717,0.36,1856,3,HIGH SPRINGS,180900,235800,2002,100,1856.0,2002,2022,0,-82.60369138,29.83717721,00206-010-013,0.0,301.0,400.0,19,19,0,0,1.0,640,222100.06,1
514,1359,3.89,2468,4,HIGH SPRINGS,237800,481700,2005,100,2468.0,2005,2022,0,-82.61198724,29.84672132,00090-010-005,0.0,310.0,575.0,16,16,0,0,3.0,8978,222100.02,1
515,1311,1.28,1636,3,SUWANNEE,33400,252800,1998,100,1636.0,1988,2022,0,-82.57856332,29.85259057,00074-010-005,0.0,158.0,0.0,23,33,0,0,2.0,4568,222100.0,1
